city,fans,lights,fridges,ac_1ton,ac_15ton,tvs,washing_machine,water_pump,computers,hours_use,roof_area,total_watts,daily_kwh,kw_needed,panels_needed,system_cost_pkr,monthly_saving_pkr,monthly_bill_pkr,payback_years
Rawalpindi,9,11,1,1,1,4,0,0,3,11,1274,5490,60.39,15.7,40,2355000,90585,117760,2.2
Multan,9,5,1,3,1,3,1,1,0,16,782,8950,143.2,29.8,75,4470000,214800,279240,1.7
Abbottabad,7,9,3,1,1,1,2,1,2,12,1135,6860,82.32,22.9,58,3435000,123480,160524,2.3
Swat,4,16,2,2,2,4,0,1,1,12,471,9190,110.28,30.0,75,4500000,165420,215046,2.3
Sialkot,5,9,2,0,2,1,0,1,0,17,1168,5660,96.22,24.5,62,3675000,144330,187629,2.1
Faisalabad,1,15,2,2,1,2,2,1,2,9,316,7950,71.55,17.5,44,2625000,107325,139522,2.0
Abbottabad,1,12,1,1,2,3,0,1,2,13,1617,7355,95.62,26.6,67,3990000,143422,186449,2.3
Quetta,3,8,3,1,2,2,2,0,1,12,693,7695,92.34,17.8,45,2670000,138510,180063,1.6
Rawalpindi,8,13,1,3,1,1,0,1,0,7,1821,8295,58.06,15.1,38,2265000,87097,113226,2.2
Sukkur,2,7,2,3,2,2,1,1,1,13,1542,10705,139.16,28.1,71,4215000,208747,271371,1.7
Islamabad,4,8,2,3,0,2,2,0,2,14,533,6820,95.48,24.9,63,3735000,143220,186186,2.2
Rawalpindi,2,15,3,2,2,1,1,0,2,10,1713,8825,88.25,23.0,58,3450000,132375,172087,2.2
Sialkot,5,19,1,3,0,1,2,0,3,9,547,7010,63.09,16.1,41,2415000,94634,123025,2.1
Sialkot,9,15,2,1,1,3,0,1,2,9,351,6150,55.35,14.1,36,2115000,83025,107932,2.1
Faisalabad,1,13,3,3,2,2,1,0,2,9,314,10320,92.88,22.8,57,3420000,139319,181115,2.0
Quetta,5,18,1,0,1,4,0,0,0,11,1647,3195,35.14,6.8,17,1020000,52717,68532,1.6
Multan,9,14,1,3,1,4,2,1,0,16,740,9685,154.96,32.3,81,4845000,232440,302172,1.7
Faisalabad,1,8,2,2,1,1,2,1,3,9,1435,7945,71.5,17.5,44,2625000,107257,139434,2.0
Faisalabad,9,11,2,0,1,1,2,1,3,12,995,5590,67.08,16.4,41,2460000,100620,130806,2.0
Islamabad,8,13,1,0,1,2,2,1,3,12,306,5495,65.94,17.2,43,2580000,98909,128582,2.2
Peshawar,4,15,1,0,2,1,2,0,1,10,1886,5975,59.75,14.4,36,2160000,89625,116512,2.0
Quetta,5,11,2,2,0,4,1,1,1,10,1125,5690,56.9,10.9,28,1635000,85350,110955,1.6
Lahore,5,5,1,1,2,3,2,0,3,15,1568,8000,120.0,30.0,75,4500000,180000,234000,2.1
Faisalabad,6,10,2,3,2,3,0,1,1,13,1771,10650,138.45,33.9,85,5085000,207675,269977,2.0
Gujranwala,7,11,1,0,2,2,1,0,2,12,1688,5940,71.28,17.8,45,2670000,106920,138996,2.1
Bahawalpur,8,19,2,0,2,3,0,1,3,12,1690,6835,82.02,16.8,42,2520000,123030,159939,1.7
Peshawar,8,14,3,0,0,1,2,1,3,11,1610,3710,40.81,9.8,25,1470000,61215,79579,2.0
Lahore,2,9,2,1,2,1,0,1,1,12,1927,7135,85.62,21.4,54,3210000,128430,166959,2.1
Gujranwala,9,8,2,1,1,1,1,0,0,12,1429,5195,62.34,15.6,39,2340000,93510,121563,2.1
Quetta,7,14,3,2,2,1,1,0,3,15,1336,9385,140.78,27.1,68,4065000,211162,274511,1.6
Karachi,4,12,1,1,2,2,1,0,1,7,1469,7030,49.21,11.2,28,1680000,73815,95959,1.9
Gujranwala,4,16,3,3,0,3,0,1,1,15,777,6740,101.1,25.3,64,3795000,151650,197145,2.1
Sukkur,8,6,2,2,0,4,1,0,0,7,930,4890,34.23,6.9,18,1035000,51344,66748,1.7
Peshawar,4,15,1,2,1,3,0,1,3,15,1014,7325,109.88,26.4,66,3960000,164812,214256,2.0
Abbottabad,6,16,3,3,2,1,2,1,0,12,1976,11490,137.88,38.3,96,5745000,206819,268866,2.3
Gujranwala,5,16,1,3,2,4,2,1,2,15,414,11815,177.22,44.3,111,6645000,265837,345588,2.1
Hyderabad,3,13,1,3,2,2,0,0,0,12,808,9270,111.24,25.7,65,3855000,166860,216918,1.9
Karachi,2,7,3,2,1,1,1,1,0,12,1475,7055,84.66,19.2,48,2880000,126989,165087,1.9
Sialkot,9,12,1,2,0,1,0,0,1,10,356,4305,43.05,11.0,28,1650000,64575,83947,2.1
Sialkot,9,9,3,2,1,4,0,1,0,6,681,7410,44.46,11.3,29,1695000,66690,86697,2.1
Swat,1,11,2,3,2,2,0,1,2,7,1480,10390,72.73,19.8,50,2970000,109095,141823,2.3
Sukkur,3,10,1,3,0,4,2,1,1,14,1251,7375,103.25,20.8,52,3120000,154875,201337,1.7
Gujranwala,8,14,2,0,0,2,0,0,2,13,1456,1710,22.23,5.6,14,840000,33345,43348,2.1
Gujranwala,6,5,2,1,1,1,2,0,0,13,1486,5425,70.52,17.6,44,2640000,105787,137523,2.1
Swat,5,6,1,0,0,3,0,1,2,15,574,2065,30.98,8.4,21,1260000,46462,60401,2.3
Bahawalpur,5,4,3,3,0,1,2,0,2,6,1400,6885,41.31,8.5,22,1275000,61965,80554,1.7
Bahawalpur,6,19,1,2,2,3,0,0,0,11,343,8185,90.04,18.4,46,2760000,135052,175568,1.7
Swat,7,12,2,3,2,3,0,1,0,14,1017,10555,147.77,40.2,101,6030000,221654,288151,2.3
Bahawalpur,1,16,2,1,0,2,1,1,1,13,1873,3765,48.94,10.0,25,1500000,73417,95442,1.7
Islamabad,9,10,3,0,0,4,1,0,1,8,617,2375,19.0,4.9,13,735000,28500,37050,2.1
Gujranwala,3,4,1,0,1,2,0,1,3,9,833,3985,35.86,9.0,23,1350000,53797,69936,2.1
Rawalpindi,4,6,2,2,1,1,0,1,1,8,1908,6740,53.92,14.0,35,2100000,80880,105144,2.2
Multan,1,7,2,0,0,4,0,0,0,11,1477,880,9.68,2.0,5,300000,14519,18876,1.7
Hyderabad,3,7,2,0,2,3,0,0,2,14,536,5330,74.62,17.3,44,2595000,111930,145509,1.9
Islamabad,2,8,3,3,0,3,1,1,2,13,1192,7170,93.21,24.3,61,3645000,139815,181759,2.2
Quetta,2,17,2,0,0,1,2,0,1,15,816,2005,30.08,5.8,15,870000,45112,58646,1.6
Islamabad,1,6,2,0,2,4,0,0,1,9,1544,5065,45.58,11.9,30,1785000,68377,88890,2.2
Rawalpindi,8,6,1,0,2,1,1,1,0,7,1633,6190,43.33,11.3,29,1695000,64995,84493,2.2
Quetta,3,4,1,2,1,1,0,1,2,13,1921,6685,86.9,16.7,42,2505000,130357,169464,1.6
Hyderabad,3,10,2,2,1,2,0,1,3,13,1500,7225,93.92,21.7,55,3255000,140887,183153,1.9
Rawalpindi,6,14,2,3,1,1,2,1,3,17,1543,9910,168.47,43.9,110,6585000,252705,328516,2.2
Lahore,8,13,1,0,1,4,0,0,1,16,337,3545,56.72,14.2,36,2130000,85080,110604,2.1
Multan,9,17,3,2,2,1,0,0,3,11,953,9080,99.88,20.8,52,3120000,149819,194765,1.7
Hyderabad,9,4,3,2,0,4,2,1,0,13,1754,6335,82.36,19.1,48,2865000,123532,160592,1.9
Gujranwala,4,5,3,3,1,3,2,1,3,14,1046,9975,139.65,34.9,88,5235000,209475,272317,2.1
Bahawalpur,5,16,3,1,1,1,2,1,1,6,1526,6615,39.69,8.1,21,1215000,59534,77395,1.7
Lahore,2,7,3,0,2,4,2,1,0,14,1140,6855,95.97,24.0,60,3600000,143955,187141,2.1
Sukkur,9,16,3,2,2,3,1,0,2,7,747,9565,66.96,13.5,34,2025000,100432,130562,1.7
Hyderabad,8,7,3,3,0,4,1,0,0,6,1818,6555,39.33,9.1,23,1365000,58994,76693,1.9
Sukkur,3,8,3,3,0,3,1,1,1,13,983,7045,91.58,18.5,47,2775000,137377,178590,1.7
Quetta,9,14,1,3,2,2,0,1,1,13,424,10685,138.9,26.7,67,4005000,208357,270864,1.6
Lahore,3,5,3,2,1,1,2,0,3,16,1388,7450,119.2,29.8,75,4470000,178800,232440,2.1
Multan,9,7,3,0,1,1,2,0,3,9,1092,4930,44.37,9.2,23,1380000,66555,86521,1.7
Gujranwala,2,4,3,1,1,3,1,0,2,13,1083,5360,69.68,17.4,44,2610000,104520,135876,2.1
Swat,9,5,2,0,0,2,0,0,2,12,1567,1650,19.8,5.4,14,810000,29699,38609,2.3
Gujranwala,8,4,1,3,1,4,0,1,1,7,1850,8660,60.62,15.2,38,2280000,90930,118209,2.1
Rawalpindi,9,13,1,3,1,2,0,0,1,10,525,7920,79.2,20.6,52,3090000,118800,154440,2.2
Gujranwala,5,13,1,1,2,4,1,0,1,15,764,7320,109.8,27.4,69,4110000,164700,214110,2.1
Abbottabad,2,16,3,0,1,4,0,0,2,9,942,3640,32.76,9.1,23,1365000,49140,63882,2.3
Faisalabad,8,7,3,3,2,1,0,1,1,8,592,10705,85.64,21.0,53,3150000,128459,166998,2.0
Swat,6,7,2,3,1,3,0,1,2,6,1020,8805,52.83,14.4,36,2160000,79245,103018,2.3
Islamabad,8,10,1,0,0,1,2,0,1,10,1704,2200,22.0,5.7,15,855000,33000,42900,2.2
Bahawalpur,5,13,3,3,1,1,1,0,0,15,1948,8120,121.8,25.0,63,3750000,182699,237509,1.7
Karachi,2,14,1,0,1,1,2,1,0,13,1055,4360,56.68,12.9,33,1935000,85020,110526,1.9
Multan,6,14,2,3,2,4,2,1,1,17,465,11810,200.77,41.8,105,6270000,301155,391501,1.7
Lahore,5,12,2,0,2,1,1,0,0,14,1068,5455,76.37,19.1,48,2865000,114555,148921,2.1
Faisalabad,5,12,2,1,2,4,2,1,2,12,1541,8905,106.86,26.2,66,3930000,160290,208377,2.0
Multan,1,8,1,3,1,3,0,0,3,17,1306,7745,131.66,27.4,69,4110000,197497,256746,1.7
Lahore,2,13,3,1,1,4,0,1,0,16,1170,5445,87.12,21.8,55,3270000,130680,169884,2.1
Bahawalpur,8,4,3,3,0,4,0,0,3,6,1598,6610,39.66,8.1,21,1215000,59490,77337,1.7
Peshawar,3,4,2,3,1,2,0,0,0,6,1375,7285,43.71,10.5,27,1575000,65565,85234,2.0
Peshawar,3,9,3,2,0,1,1,1,2,6,1697,5560,33.36,8.0,20,1200000,50040,65052,2.0
Sukkur,8,5,2,0,2,1,2,0,0,7,1993,6075,42.52,8.6,22,1290000,63787,82923,1.7
Multan,8,11,1,1,2,1,2,1,0,6,1686,8265,49.59,10.3,26,1545000,74385,96700,1.7
Peshawar,2,16,2,1,2,1,0,1,1,9,866,7240,65.16,15.7,40,2355000,97740,127062,2.0
Abbottabad,8,12,1,1,0,2,0,1,3,15,1337,3980,59.7,16.6,42,2490000,89550,116415,2.3
Swat,1,16,2,0,1,2,2,0,3,14,1663,4415,61.81,16.8,42,2520000,92715,120529,2.3
Lahore,6,7,3,2,2,2,1,0,2,17,901,9105,154.78,38.7,97,5805000,232177,301830,2.1
Sukkur,8,8,3,1,1,2,2,0,2,9,1862,6270,56.43,11.4,29,1710000,84645,110038,1.7
Gujranwala,3,19,2,0,1,1,0,1,3,9,1412,4260,38.34,9.6,24,1440000,57509,74763,2.1
Lahore,8,14,3,3,2,4,0,0,1,12,1204,10360,124.32,31.1,78,4665000,186480,242424,2.1
Sukkur,1,11,3,1,0,3,1,0,1,16,340,3190,51.04,10.3,26,1545000,76560,99528,1.7
Bahawalpur,9,6,3,1,1,2,2,0,3,14,1627,6515,91.21,18.7,47,2805000,136815,177859,1.7
Multan,9,8,1,2,2,4,1,0,0,12,1591,8845,106.14,22.1,56,3315000,159210,206973,1.7
Bahawalpur,5,6,3,1,1,2,1,1,3,6,1461,6465,38.79,7.9,20,1185000,58185,75640,1.7
Swat,4,15,1,1,1,1,0,0,0,6,1329,4275,25.65,7.0,18,1050000,38475,50017,2.3
Swat,6,13,2,3,1,1,2,1,3,9,541,9895,89.06,24.2,61,3630000,133582,173657,2.3
Faisalabad,7,6,3,0,1,4,0,1,0,9,461,4215,37.94,9.3,24,1395000,56902,73973,2.0
Bahawalpur,5,6,3,0,1,4,2,1,1,6,1318,5265,31.59,6.5,17,975000,47385,61600,1.7
Rawalpindi,9,16,3,2,0,4,0,1,3,11,991,6115,67.26,17.5,44,2625000,100897,131166,2.2
Gujranwala,3,15,2,3,0,1,0,0,2,15,1108,5750,86.25,21.6,54,3240000,129375,168187,2.1
Hyderabad,7,10,1,0,2,1,2,0,0,7,1278,5925,41.48,9.6,24,1440000,62212,80876,1.9
Bahawalpur,5,18,1,3,0,3,2,0,1,16,817,6795,108.72,22.3,56,3345000,163080,212004,1.7
Faisalabad,7,10,3,0,0,4,0,1,2,10,1197,2675,26.75,6.6,17,990000,40125,52162,2.1
Quetta,2,10,2,3,0,3,2,0,1,13,1082,6600,85.8,16.5,42,2475000,128700,167310,1.6
Abbottabad,4,13,2,2,1,2,0,1,0,8,1724,6745,53.96,15.0,38,2250000,80940,105222,2.3
Lahore,2,11,2,1,1,3,2,0,3,14,1083,6015,84.21,21.1,53,3165000,126314,164209,2.1
Swat,7,8,2,2,2,2,0,0,1,12,1479,8345,100.14,27.2,68,4080000,150210,195273,2.3
Quetta,2,8,2,0,2,2,0,0,3,14,384,5370,75.18,14.5,37,2175000,112770,146601,1.6
Faisalabad,1,17,1,2,2,3,0,1,3,6,1333,9130,54.78,13.4,34,2010000,82170,106821,2.0
Sukkur,9,7,1,1,1,4,1,0,1,10,437,5530,55.3,11.1,28,1665000,82950,107835,1.7
Hyderabad,1,10,1,2,0,2,2,1,1,17,1053,5525,93.93,21.7,55,3255000,140887,183153,1.9
Gujranwala,8,13,3,0,0,4,0,1,1,8,1205,2595,20.76,5.2,13,780000,31140,40482,2.1
Gujranwala,2,7,2,0,1,1,1,1,3,9,1012,4505,40.54,10.1,26,1515000,60817,79062,2.1
Gujranwala,8,18,3,2,2,2,0,0,2,9,455,8920,80.28,20.1,51,3015000,120420,156546,2.1
Abbottabad,3,5,2,1,2,1,1,0,0,16,707,6700,107.2,29.8,75,4470000,160800,209040,2.3
Hyderabad,6,7,1,2,2,3,0,1,2,17,1086,9155,155.64,36.0,90,5400000,233452,303488,1.9
Abbottabad,3,16,3,1,1,4,0,1,3,12,1548,6165,73.98,20.6,52,3090000,110970,144261,2.3
Swat,7,16,1,3,2,3,1,1,1,15,879,11165,167.48,45.5,114,6825000,251212,326576,2.3
Abbottabad,9,11,2,1,2,2,1,1,1,16,1507,8290,132.64,36.8,92,5520000,198960,258648,2.3
Karachi,2,12,2,3,1,1,2,1,0,13,1518,8980,116.74,26.5,67,3975000,175110,227643,1.9
Hyderabad,5,19,2,2,0,2,2,0,0,16,853,5160,82.56,19.1,48,2865000,123840,160992,1.9
Rawalpindi,6,6,1,1,1,3,1,0,2,15,695,5390,80.85,21.1,53,3165000,121275,157657,2.2
Hyderabad,4,19,2,3,1,4,2,0,2,10,1986,9185,91.85,21.3,54,3195000,137775,179107,1.9
Faisalabad,4,10,1,3,1,4,1,1,0,17,1919,8750,148.75,36.5,92,5475000,223125,290062,2.0
Karachi,4,17,3,3,1,2,2,1,3,15,1457,10055,150.82,34.3,86,5145000,226237,294108,1.9
Gujranwala,2,15,2,0,0,2,0,0,2,12,1632,1275,15.3,3.8,10,570000,22949,29834,2.1
Faisalabad,4,17,2,2,2,1,2,0,1,8,1109,9155,73.24,18.0,45,2700000,109859,142818,2.0
Faisalabad,1,12,2,3,1,3,0,1,1,8,1261,8305,66.44,16.3,41,2445000,99659,129557,2.0
Swat,6,14,3,1,0,2,0,1,3,8,841,4160,33.28,9.0,23,1350000,49920,64896,2.3
Sialkot,1,7,2,3,2,1,2,1,0,17,1332,10830,184.11,47.0,118,7050000,276165,359014,2.1
Islamabad,6,13,1,0,2,2,1,0,2,9,1286,5895,53.05,13.8,35,2070000,79582,103457,2.2
Karachi,1,18,1,2,2,4,0,1,1,11,469,8845,97.3,22.1,56,3315000,145942,189725,1.9
Faisalabad,6,6,2,0,1,1,0,1,0,10,589,3690,36.9,9.0,23,1350000,55350,71955,2.0
Islamabad,8,8,2,0,1,1,2,1,2,13,1491,5270,68.51,17.8,45,2670000,102764,133594,2.2
Islamabad,2,4,3,0,2,2,1,0,3,17,1667,5960,101.32,26.4,66,3960000,151980,197574,2.2
Karachi,2,6,3,1,2,3,1,1,1,10,1820,7940,79.4,18.0,45,2700000,119100,154830,1.9
Sialkot,4,18,3,2,2,4,2,0,3,16,1468,10020,160.32,40.9,103,6135000,240479,312624,2.1
Quetta,3,11,2,2,2,3,1,1,3,17,1736,9840,167.28,32.2,81,4830000,250919,326196,1.6
Sukkur,4,14,3,1,2,1,2,1,3,10,1039,8910,89.1,18.0,45,2700000,133650,173745,1.7
Rawalpindi,7,11,3,2,2,3,2,0,2,15,887,9840,147.6,38.4,96,5760000,221400,287820,2.2
Sukkur,1,18,1,0,0,1,2,1,3,7,1034,2945,20.62,4.2,11,630000,30922,40199,1.7
Hyderabad,6,16,3,2,2,3,0,0,2,17,756,8840,150.28,34.8,87,5220000,225419,293046,1.9
Gujranwala,3,7,1,1,1,2,0,1,2,16,1000,5330,85.28,21.3,54,3195000,127920,166296,2.1
Rawalpindi,7,5,1,0,1,3,0,0,3,16,1278,3650,58.4,15.2,38,2280000,87600,113880,2.2
Hyderabad,2,16,3,1,1,1,2,1,3,10,1625,6790,67.9,15.7,40,2355000,101850,132405,1.9
Faisalabad,2,11,1,3,2,4,0,0,0,17,345,9365,159.21,39.0,98,5850000,238807,310449,2.0
Gujranwala,4,11,2,0,1,4,0,0,1,12,1340,3365,40.38,10.1,26,1515000,60570,78741,2.1
Lahore,1,13,2,0,0,4,0,1,0,7,1901,1720,12.04,3.0,8,450000,18060,23478,2.1
Karachi,3,7,3,2,2,1,2,0,1,11,1683,9080,99.88,22.7,57,3405000,149819,194765,1.9
Rawalpindi,9,6,2,0,1,3,2,1,1,12,1584,5315,63.78,16.6,42,2490000,95670,124371,2.2
Rawalpindi,7,5,1,1,0,4,2,0,0,10,1446,3650,36.5,9.5,24,1425000,54750,71175,2.2
Bahawalpur,7,12,2,2,0,4,0,1,0,14,530,5155,72.17,14.8,37,2220000,108255,140731,1.7
Faisalabad,4,4,3,3,1,4,1,1,1,9,1249,9160,82.44,20.2,51,3030000,123659,160758,2.0
Quetta,2,10,3,1,0,2,0,1,1,15,936,3400,51.0,9.8,25,1470000,76500,99450,1.6
Islamabad,4,8,1,3,1,1,0,1,1,6,411,8120,48.72,12.7,32,1905000,73080,95004,2.2
Gujranwala,6,11,3,3,0,1,2,0,2,13,892,7065,91.84,23.0,58,3450000,137767,179097,2.1
Faisalabad,3,7,2,3,2,1,2,1,1,13,1569,11180,145.34,35.6,89,5340000,218010,283413,2.0
Peshawar,1,10,3,0,2,1,0,1,3,12,1158,6125,73.5,17.7,45,2655000,110250,143325,2.0
Sialkot,8,16,1,1,2,1,0,1,3,13,690,7940,103.22,26.3,66,3945000,154830,201279,2.1
Islamabad,5,8,3,1,2,2,1,1,3,7,691,8495,59.46,15.5,39,2325000,89197,115956,2.2
Karachi,5,18,2,0,2,3,1,1,0,8,627,6495,51.96,11.8,30,1770000,77940,101322,1.9
Islamabad,4,17,1,2,1,2,2,0,0,14,1538,6905,96.67,25.2,63,3780000,145005,188506,2.2
Quetta,6,8,2,3,2,4,1,1,0,6,1046,11020,66.12,12.7,32,1905000,99180,128934,1.6
Swat,3,17,1,1,2,2,1,0,1,13,666,7030,91.39,24.8,62,3720000,137085,178210,2.3
Bahawalpur,9,12,3,0,2,1,2,0,3,13,381,7005,91.06,18.7,47,2805000,136597,177576,1.7
Islamabad,5,12,1,3,2,2,1,1,1,12,1105,10855,130.26,33.9,85,5085000,195390,254007,2.2
Karachi,3,16,1,2,0,1,0,1,2,16,1121,4865,77.84,17.7,45,2655000,116760,151788,1.9
Quetta,1,12,3,2,2,2,1,0,2,10,1399,8805,88.05,16.9,43,2535000,132075,171697,1.6
Sukkur,6,15,2,3,2,1,2,0,0,9,1850,10575,95.18,19.2,48,2880000,142762,185591,1.7
Rawalpindi,2,9,3,2,1,4,0,0,2,15,1826,6535,98.02,25.5,64,3825000,147037,191148,2.2
Swat,3,9,1,1,0,1,1,1,3,15,1251,3960,59.4,16.1,41,2415000,89100,115830,2.3
Bahawalpur,1,8,3,1,1,2,0,0,2,15,1802,4745,71.18,14.6,37,2190000,106762,138791,1.7
Rawalpindi,9,12,1,1,2,4,0,0,0,15,671,6905,103.58,27.0,68,4050000,155362,201971,2.2
Sialkot,8,13,3,2,1,2,1,1,1,11,1588,7895,86.84,22.2,56,3330000,130267,169347,2.1
Hyderabad,2,11,3,1,1,4,1,0,2,17,563,5565,94.6,21.9,55,3285000,141907,184479,1.9
Swat,8,10,2,0,2,3,2,1,3,16,409,7700,123.2,33.5,84,5025000,184800,240240,2.3
Swat,9,10,1,1,0,3,2,0,3,6,606,4375,26.25,7.1,18,1065000,39375,51187,2.3
Sukkur,1,9,2,1,0,3,0,1,3,10,1523,3660,36.6,7.4,19,1110000,54900,71370,1.7
Sukkur,5,8,1,2,1,2,2,0,1,9,525,7045,63.4,12.8,32,1920000,95107,123639,1.7
Gujranwala,8,16,3,1,2,2,0,1,3,9,484,8340,75.06,18.8,47,2820000,112590,146367,2.1
Abbottabad,2,7,1,3,1,4,0,1,0,12,1263,8055,96.66,26.8,67,4020000,144990,188487,2.3
Islamabad,4,6,2,0,1,4,2,0,0,14,330,4090,57.26,14.9,38,2235000,85890,111657,2.2
Swat,7,19,2,2,1,4,2,1,3,13,913,8860,115.18,31.3,79,4695000,172769,224600,2.3
Rawalpindi,3,6,2,0,2,4,2,0,2,16,398,6415,102.64,26.7,67,4005000,153960,200148,2.2
Karachi,5,9,1,3,2,1,1,1,3,17,1662,11110,188.87,42.9,108,6435000,283305,368296,1.9
Multan,8,18,2,2,0,3,0,1,0,13,1110,5220,67.86,14.1,36,2115000,101790,132327,1.7
Abbottabad,3,7,2,2,2,1,0,1,0,10,1589,8480,84.8,23.6,59,3540000,127200,165360,2.3
Multan,4,15,2,1,1,1,0,1,0,11,951,5175,56.92,11.9,30,1785000,85387,111003,1.7
Bahawalpur,9,15,3,0,1,1,2,1,2,7,1113,5600,39.2,8.0,20,1200000,58799,76439,1.7
Quetta,7,9,3,3,0,1,2,1,2,16,1673,7860,125.76,24.2,61,3630000,188640,245232,1.6
Rawalpindi,1,6,1,3,2,3,2,1,2,8,1319,11265,90.12,23.5,59,3525000,135180,175734,2.2
Rawalpindi,4,18,1,2,1,1,2,0,0,10,1277,6820,68.2,17.8,45,2670000,102300,132990,2.2
Abbottabad,4,7,2,1,0,4,2,0,1,7,1867,3805,26.64,7.4,19,1110000,39952,51938,2.3
Swat,9,18,3,2,0,2,1,1,3,8,1780,6445,51.56,14.0,35,2100000,77340,100542,2.3
Sialkot,6,12,2,2,1,4,2,1,3,9,387,8680,78.12,19.9,50,2985000,117180,152334,2.1
Abbottabad,9,8,2,2,1,2,0,1,0,11,1386,7045,77.5,21.5,54,3225000,116242,151115,2.3
Multan,6,16,3,2,2,4,2,0,2,10,1221,9940,99.4,20.7,52,3105000,149099,193829,1.7
Abbottabad,6,10,3,3,0,4,0,1,1,15,1710,6900,103.5,28.8,72,4320000,155250,201825,2.3
Rawalpindi,5,13,3,3,1,2,2,0,1,9,1782,8920,80.28,20.9,53,3135000,120420,156546,2.2
Sialkot,5,5,1,2,0,3,2,1,2,7,885,6050,42.35,10.8,27,1620000,63525,82582,2.1
Islamabad,2,17,1,2,2,1,0,1,3,17,1117,9005,153.08,39.9,100,5985000,229627,298515,2.2
Peshawar,8,17,2,1,1,4,0,1,3,16,1231,6405,102.48,24.6,62,3690000,153720,199836,2.0
Gujranwala,8,8,1,2,2,3,0,1,1,10,1959,9120,91.2,22.8,57,3420000,136799,177839,2.1
Lahore,1,12,3,3,0,1,0,1,1,10,1592,6255,62.55,15.6,39,2340000,93825,121972,2.1
Sukkur,8,19,3,0,2,3,1,0,2,16,1096,6535,104.56,21.1,53,3165000,156840,203892,1.7
Abbottabad,5,14,1,3,2,3,0,1,3,12,1318,10885,130.62,36.3,91,5445000,195930,254709,2.3
Bahawalpur,2,6,2,1,0,1,2,0,1,6,1312,3340,20.04,4.1,11,615000,30059,39078,1.7
Hyderabad,2,17,2,3,2,4,2,0,3,9,1272,11205,100.84,23.3,59,3495000,151267,196647,1.9
Quetta,6,12,1,0,0,3,1,1,1,16,932,2530,40.48,7.8,20,1170000,60719,78936,1.6
Peshawar,9,17,2,2,1,4,0,1,2,10,645,7780,77.8,18.7,47,2805000,116700,151710,2.0
Gujranwala,1,19,2,0,0,4,2,1,3,13,1023,3410,44.33,11.1,28,1665000,66495,86443,2.1
Gujranwala,6,14,2,2,0,4,1,0,1,17,1200,5060,86.02,21.5,54,3225000,129030,167739,2.1
Gujranwala,9,18,3,2,1,1,2,0,1,17,1983,7695,130.82,32.7,82,4905000,196222,255089,2.1
Gujranwala,8,9,3,3,0,2,1,0,1,13,1401,6585,85.6,21.4,54,3210000,128407,166929,2.1
Multan,6,7,1,3,1,4,1,1,1,6,1688,9055,54.33,11.3,29,1695000,81495,105943,1.7
Bahawalpur,3,10,3,3,1,2,0,0,2,10,1337,7925,79.25,16.2,41,2430000,118875,154537,1.7
Bahawalpur,8,19,2,1,0,2,1,0,3,15,435,3985,59.78,12.2,31,1830000,89662,116561,1.7
Sialkot,9,11,3,3,2,3,2,0,3,6,1627,11690,70.14,17.9,45,2685000,105209,136773,2.1
Sukkur,1,9,1,1,2,4,2,1,0,6,696,8010,48.06,9.7,25,1455000,72090,93717,1.7
Rawalpindi,9,8,3,3,1,4,0,0,3,7,1091,8745,61.22,15.9,40,2385000,91822,119369,2.2
Gujranwala,6,9,2,2,2,4,0,0,0,7,378,8285,58.0,14.5,37,2175000,86992,113090,2.1
Hyderabad,6,8,2,1,2,2,1,1,1,14,1004,8020,112.28,26.0,65,3900000,168420,218946,1.9
Rawalpindi,4,11,1,0,0,1,0,1,2,9,1281,1865,16.78,4.4,11,660000,25177,32730,2.2
Bahawalpur,1,4,3,1,1,2,2,1,2,8,1741,6435,51.48,10.5,27,1575000,77220,100386,1.7
Karachi,8,19,3,1,1,4,2,0,1,16,1565,6435,102.96,23.4,59,3510000,154440,200772,1.9
Karachi,2,14,3,0,0,4,0,0,0,6,1374,1210,7.26,1.6,4,240000,10890,14157,1.8
Hyderabad,1,10,2,1,2,4,0,0,1,17,1043,6625,112.62,26.1,66,3915000,168937,219618,1.9
Sialkot,2,18,1,2,1,2,0,1,2,7,683,6920,48.44,12.4,31,1860000,72659,94457,2.1
Bahawalpur,1,13,3,3,2,4,1,0,2,11,674,10520,115.72,23.7,60,3555000,173580,225654,1.7
Hyderabad,1,13,2,0,1,3,1,1,3,14,505,4720,66.08,15.3,39,2295000,99120,128856,1.9
Multan,9,19,2,3,1,4,2,1,0,10,788,9910,99.1,20.6,52,3090000,148650,193245,1.7
Abbottabad,1,14,2,2,1,1,1,0,3,9,1704,6785,61.06,17.0,43,2550000,91597,119076,2.3
Hyderabad,4,5,3,0,1,3,1,0,2,10,1180,4025,40.25,9.3,24,1395000,60375,78487,1.9
Islamabad,6,18,3,3,2,4,1,0,2,14,1634,10970,153.58,40.0,100,6000000,230370,299481,2.2
Rawalpindi,7,17,3,3,2,3,1,1,3,17,1698,11880,201.96,52.6,132,7890000,302940,393822,2.2
Peshawar,2,12,3,2,2,4,2,1,3,12,931,10530,126.36,30.4,76,4560000,189540,246402,2.0
Faisalabad,6,4,3,3,2,1,0,0,2,13,891,9960,129.48,31.7,80,4755000,194220,252486,2.0
Sialkot,7,14,3,2,0,4,2,1,3,9,1365,6935,62.42,15.9,40,2385000,93622,121709,2.1
Hyderabad,2,19,3,1,1,3,1,0,3,16,832,5785,92.56,21.4,54,3210000,138840,180492,1.9
Bahawalpur,2,13,3,2,1,1,0,0,0,13,821,5895,76.63,15.7,40,2355000,114952,149438,1.7
Quetta,7,9,3,1,1,2,0,0,2,11,1124,5210,57.31,11.0,28,1650000,85965,111754,1.6
Karachi,1,12,2,0,0,1,0,1,1,10,1476,1605,16.05,3.6,9,540000,24075,31297,1.9
Islamabad,8,4,3,3,2,1,2,1,0,17,1635,11460,194.82,50.7,127,7605000,292230,379899,2.2
Sukkur,3,7,1,2,1,1,0,0,1,12,1617,5780,69.36,14.0,35,2100000,104040,135252,1.7
Gujranwala,6,19,2,2,2,3,2,0,3,11,897,9935,109.29,27.3,69,4095000,163927,213105,2.1
Faisalabad,9,7,3,3,2,1,2,1,3,8,412,12180,97.44,23.9,60,3585000,146160,190008,2.0
Swat,6,18,1,3,0,4,1,0,1,10,1435,6470,64.7,17.6,44,2640000,97050,126165,2.3
Sialkot,9,12,3,0,0,1,1,1,3,14,1498,3255,45.57,11.6,29,1740000,68355,88861,2.1
Peshawar,7,14,1,0,2,1,0,0,3,12,1625,5585,67.02,16.1,41,2415000,100530,130689,2.0
Faisalabad,9,8,1,2,1,4,0,1,0,17,1839,7095,120.62,29.6,74,4440000,180922,235199,2.0
Hyderabad,2,8,1,0,1,4,1,0,1,9,1033,3520,31.68,7.3,19,1095000,47520,61776,1.9
Multan,8,9,1,1,0,2,2,1,0,12,1544,4335,52.02,10.8,27,1620000,78030,101439,1.7
Karachi,8,4,2,0,0,1,2,0,1,10,1494,2260,22.6,5.1,13,765000,33899,44069,1.9
Bahawalpur,2,4,2,0,0,3,1,1,0,16,617,2060,32.96,6.8,17,1020000,49440,64272,1.7
Karachi,4,18,1,2,0,1,2,1,2,7,1295,5970,41.79,9.5,24,1425000,62685,81490,1.9
Sukkur,7,12,3,1,0,1,1,1,2,11,512,4405,48.46,9.8,25,1470000,72682,94487,1.7
Multan,4,6,1,0,0,4,1,1,1,12,552,2390,28.68,6.0,15,900000,43020,55926,1.7
Gujranwala,4,7,2,1,0,2,0,0,2,13,423,2805,36.47,9.1,23,1365000,54697,71106,2.1
Bahawalpur,6,4,3,1,1,1,0,1,0,11,1963,5310,58.41,12.0,30,1800000,87615,113899,1.7
Rawalpindi,6,12,2,1,0,3,1,1,1,13,1536,4180,54.34,14.2,36,2130000,81509,105962,2.2
Lahore,3,18,2,3,0,1,0,0,2,12,923,5795,69.54,17.4,44,2610000,104309,135603,2.1
Islamabad,9,11,3,3,1,3,1,1,2,7,1408,9740,68.18,17.8,45,2670000,102270,132951,2.2
Karachi,2,5,1,3,1,4,2,0,1,11,1839,8475,93.22,21.2,53,3180000,139837,181788,1.9
Quetta,6,11,1,3,2,2,2,1,2,14,1388,11615,162.61,31.3,79,4695000,243915,317089,1.6
Karachi,7,18,1,2,0,1,2,1,2,17,1641,6195,105.32,23.9,60,3585000,157972,205364,1.9
Faisalabad,9,19,1,0,0,2,2,1,1,11,1669,3260,35.86,8.8,22,1320000,53790,69927,2.0
Karachi,3,10,3,3,0,1,1,1,2,9,1955,7075,63.68,14.5,37,2175000,95512,124166,1.9
Sialkot,3,14,3,2,0,3,2,1,2,12,1566,6335,76.02,19.4,49,2910000,114030,148239,2.1
Karachi,7,9,3,0,2,2,2,1,2,8,1197,7460,59.68,13.6,34,2040000,89520,116376,1.9
Lahore,4,4,2,3,1,1,2,0,2,10,1460,8660,86.6,21.6,54,3240000,129900,168870,2.1
Lahore,8,18,3,0,1,4,2,0,3,6,546,5320,31.92,8.0,20,1200000,47880,62244,2.1
Gujranwala,7,10,1,3,0,3,1,1,1,15,740,7075,106.12,26.5,67,3975000,159187,206943,2.1
Peshawar,5,13,2,2,0,2,2,1,3,8,344,6420,51.36,12.3,31,1845000,77040,100152,2.0
Rawalpindi,7,10,1,1,0,1,0,0,3,13,957,3025,39.32,10.2,26,1530000,58987,76683,2.2
Quetta,3,16,1,1,2,2,0,0,0,14,1179,6315,88.41,17.0,43,2550000,132615,172399,1.6
Karachi,2,17,3,0,2,1,0,1,3,14,1316,6305,88.27,20.1,51,3015000,132405,172126,1.9
Karachi,6,12,3,2,1,3,0,1,3,15,853,7730,115.95,26.4,66,3960000,173925,226102,1.9
Islamabad,2,4,1,1,0,4,0,1,0,7,1108,3010,21.07,5.5,14,825000,31605,41086,2.2
Bahawalpur,3,5,1,3,0,3,0,1,2,9,1270,6400,57.6,11.8,30,1770000,86400,112320,1.7
Lahore,6,14,2,1,0,2,1,1,2,10,1412,4310,43.1,10.8,27,1620000,64649,84044,2.1
Quetta,5,12,3,0,0,2,0,1,3,8,1029,2555,20.44,3.9,10,585000,30660,39858,1.6
Gujranwala,8,16,2,0,2,1,2,0,0,16,1320,6240,99.84,25.0,63,3750000,149760,194688,2.1
Sukkur,9,12,2,2,1,3,0,1,2,6,1253,7605,45.63,9.2,23,1380000,68445,88978,1.7
Peshawar,3,16,2,0,1,1,1,1,0,11,1551,4115,45.26,10.9,28,1635000,67897,88266,2.0
Rawalpindi,3,9,1,1,2,3,0,0,1,15,1614,6510,97.65,25.4,64,3810000,146474,190417,2.2
Multan,3,9,2,1,0,2,2,0,1,7,1745,3560,24.92,5.2,13,780000,37380,48594,1.7
Rawalpindi,6,7,2,1,1,1,2,0,1,14,1390,5655,79.17,20.6,52,3090000,118755,154381,2.2
Sialkot,1,7,1,1,1,1,1,0,1,6,1574,4630,27.78,7.1,18,1065000,41670,54171,2.1
Faisalabad,7,8,3,2,2,3,1,1,3,16,1364,10245,163.92,40.2,101,6030000,245879,319644,2.0
Sialkot,1,6,3,3,0,4,1,0,1,14,398,6215,87.01,22.2,56,3330000,130514,169669,2.1
Karachi,5,4,2,3,1,3,1,0,1,12,1629,8235,98.82,22.5,57,3375000,148230,192699,1.9
Swat,8,18,1,2,0,4,0,1,0,16,1171,5170,82.72,22.5,57,3375000,124080,161304,2.3
Peshawar,4,4,3,0,1,3,0,0,2,15,1779,3510,52.65,12.7,32,1905000,78975,102667,2.0
Faisalabad,5,15,2,3,2,2,2,0,0,7,1914,10600,74.2,18.2,46,2730000,111300,144690,2.0
Quetta,4,19,2,0,0,1,1,1,3,11,600,2835,31.18,6.0,15,900000,46777,60810,1.6
Multan,4,18,1,3,2,3,1,1,1,13,1522,10970,142.61,29.7,75,4455000,213915,278089,1.7
Lahore,8,16,2,0,1,2,0,1,2,7,1982,4490,31.43,7.9,20,1185000,47145,61288,2.1
Peshawar,2,10,3,2,2,3,1,1,2,10,787,9700,97.0,23.3,59,3495000,145500,189150,2.0
Peshawar,1,19,1,1,2,1,2,1,1,17,1429,8060,137.02,32.9,83,4935000,205530,267189,2.0
Sialkot,3,4,3,0,2,3,2,1,1,16,1724,6985,111.76,28.5,72,4275000,167640,217932,2.1
Swat,9,4,3,1,1,4,1,1,3,11,1304,6935,76.28,20.7,52,3105000,114427,148755,2.3
Karachi,4,6,3,0,0,1,2,0,3,8,776,2540,20.32,4.6,12,690000,30480,39624,1.9
Hyderabad,5,13,2,0,2,4,2,0,1,17,1445,6470,109.99,25.5,64,3825000,164985,214480,1.9
Gujranwala,2,18,2,0,0,2,0,1,1,7,1400,1870,13.09,3.3,9,495000,19635,25525,2.1
Sialkot,4,7,3,0,1,2,2,0,1,16,1635,4255,68.08,17.4,44,2610000,102120,132756,2.1
Peshawar,2,19,3,0,0,3,1,1,1,11,1435,2635,28.98,7.0,18,1050000,43477,56520,2.0
Abbottabad,2,19,1,1,2,4,1,0,2,8,1160,7385,59.08,16.4,41,2460000,88620,115206,2.3
Islamabad,4,19,1,0,2,4,2,1,3,7,1108,7485,52.4,13.6,34,2040000,78592,102170,2.2
Multan,6,7,2,1,2,1,1,0,1,6,817,7155,42.93,8.9,23,1335000,64395,83713,1.7
Gujranwala,7,5,2,2,2,4,0,1,1,13,1520,9250,120.25,30.1,76,4515000,180375,234487,2.1
Sialkot,3,4,1,3,2,4,2,0,2,6,1421,10735,64.41,16.4,41,2460000,96615,125599,2.1
Multan,3,6,3,0,2,1,2,1,0,17,758,6615,112.46,23.4,59,3510000,168682,219287,1.7
Islamabad,6,14,2,3,1,1,2,0,1,10,529,8760,87.6,22.8,57,3420000,131400,170820,2.2
Sukkur,3,7,3,1,1,4,1,0,2,16,1491,5580,89.28,18.0,45,2700000,133920,174096,1.7
Islamabad,2,6,1,2,1,3,1,1,2,11,307,7340,80.74,21.0,53,3150000,121109,157443,2.2
Swat,8,11,2,2,0,1,2,0,0,16,1495,5165,82.64,22.5,57,3375000,123959,161148,2.3
Islamabad,5,17,2,2,0,1,1,0,3,17,1683,5130,87.21,22.7,57,3405000,130814,170059,2.2
Multan,1,13,1,3,1,4,1,0,3,17,494,8420,143.14,29.8,75,4470000,214710,279123,1.7
Rawalpindi,3,4,2,1,0,4,2,0,3,8,1592,4085,32.68,8.5,22,1275000,49020,63726,2.2
Multan,8,17,1,0,0,1,2,0,1,12,1342,2305,27.66,5.8,15,870000,41490,53937,1.7
Hyderabad,4,5,2,0,2,4,1,1,3,7,653,6925,48.48,11.2,28,1680000,72712,94526,1.9
Karachi,7,16,1,1,2,1,2,1,1,12,1372,8465,101.58,23.1,58,3465000,152370,198081,1.9
Faisalabad,2,10,2,3,0,3,2,0,1,7,763,6600,46.2,11.3,29,1695000,69299,90089,2.0
Rawalpindi,7,7,3,0,0,3,2,1,2,10,655,3530,35.3,9.2,23,1380000,52950,68835,2.2
Lahore,5,11,3,1,1,1,2,0,3,12,1149,6190,74.28,18.6,47,2790000,111420,144846,2.1
Faisalabad,5,14,3,0,0,1,1,1,3,16,1273,2985,47.76,11.7,30,1755000,71640,93132,2.0
Karachi,6,16,2,2,2,2,2,0,3,16,1481,9790,156.64,35.6,89,5340000,234960,305448,1.9
Sialkot,9,6,2,0,0,2,0,0,1,8,365,1465,11.72,3.0,8,450000,17580,22854,2.1
Gujranwala,6,9,3,3,1,4,2,0,1,16,1158,9135,146.16,36.5,92,5475000,219240,285012,2.1
Hyderabad,8,12,3,1,2,4,0,0,3,9,870,7730,69.57,16.1,41,2415000,104355,135661,1.9
Hyderabad,7,4,1,3,2,1,2,1,1,6,607,11285,67.71,15.7,40,2355000,101565,132034,1.9
Lahore,9,4,1,1,2,1,0,1,1,8,1660,7435,59.48,14.9,38,2235000,89220,115986,2.1
Rawalpindi,4,11,1,2,2,2,0,1,0,14,1994,8565,119.91,31.2,78,4680000,179865,233824,2.2
Swat,2,6,3,1,0,2,2,0,0,15,1082,3390,50.85,13.8,35,2070000,76275,99157,2.3
Bahawalpur,7,8,3,0,1,1,2,1,3,10,420,5545,55.45,11.4,29,1710000,83175,108127,1.7
Sukkur,6,4,3,0,0,3,2,1,3,13,1065,3610,46.93,9.5,24,1425000,70395,91513,1.7
Islamabad,1,8,1,2,0,3,0,0,0,7,1727,3645,25.52,6.6,17,990000,38272,49754,2.2
Rawalpindi,9,14,2,1,2,4,1,0,1,8,1072,7785,62.28,16.2,41,2430000,93420,121446,2.2
Gujranwala,9,19,3,2,1,1,1,0,1,12,1970,7210,86.52,21.6,54,3240000,129780,168714,2.1
Sukkur,2,9,2,0,2,1,2,1,2,15,1891,6835,102.52,20.7,52,3105000,153787,199923,1.7
Hyderabad,3,11,2,3,0,4,1,1,3,9,395,7440,66.96,15.5,39,2325000,100440,130572,1.9
Multan,5,16,2,2,0,2,1,0,3,14,1437,5215,73.01,15.2,38,2280000,109514,142369,1.7
Gujranwala,5,19,1,3,2,2,2,1,3,12,1286,11860,142.32,35.6,89,5340000,213479,277524,2.1
Karachi,1,19,2,3,0,3,0,0,2,16,1752,5860,93.76,21.3,54,3195000,140640,182832,1.9
Lahore,8,17,3,1,0,1,2,1,2,17,839,5055,85.94,21.5,54,3225000,128902,167573,2.1
Karachi,8,6,1,2,2,2,1,0,1,6,301,8740,52.44,11.9,30,1785000,78659,102257,1.9
Bahawalpur,4,6,3,3,0,3,0,1,0,9,1535,6390,57.51,11.8,30,1770000,86265,112144,1.7
Gujranwala,7,15,3,3,1,3,1,1,0,15,879,9250,138.75,34.7,87,5205000,208125,270562,2.1
Quetta,3,19,1,1,2,3,0,1,0,16,1963,7210,115.36,22.2,56,3330000,173040,224952,1.6
Quetta,6,14,3,1,1,2,1,0,1,11,632,5510,60.61,11.7,30,1755000,90915,118189,1.6
Sialkot,9,14,3,0,0,2,2,0,0,11,1347,2535,27.88,7.1,18,1065000,41827,54375,2.1
Rawalpindi,1,13,1,3,0,1,1,0,2,15,1691,5920,88.8,23.1,58,3465000,133200,173160,2.2
Hyderabad,5,12,3,0,2,1,1,1,2,11,1041,6755,74.3,17.2,43,2580000,111457,144894,1.9
Hyderabad,4,7,2,3,0,3,0,0,3,10,805,6105,61.05,14.1,36,2115000,91575,119047,1.9
Islamabad,8,18,3,0,2,3,1,1,0,8,1299,6870,54.96,14.3,36,2145000,82440,107172,2.2
Islamabad,1,7,2,1,2,2,2,0,2,7,1499,7580,53.06,13.8,35,2070000,79590,103467,2.2
Islamabad,9,15,3,2,2,2,2,0,3,8,1752,10150,81.2,21.1,53,3165000,121800,158340,2.2
Multan,6,10,1,1,2,1,2,1,0,14,1032,8100,113.4,23.6,59,3540000,170099,221129,1.7
Faisalabad,4,5,1,0,2,1,0,1,0,8,1765,5375,43.0,10.5,27,1575000,64500,83850,2.0
Peshawar,9,11,3,0,1,4,0,0,2,8,1871,4090,32.72,7.9,20,1185000,49079,63803,2.0
Faisalabad,5,9,1,2,2,1,1,0,3,6,813,8860,53.16,13.0,33,1950000,79740,103662,2.0
Karachi,5,6,3,3,1,2,1,1,3,7,1194,9465,66.26,15.1,38,2265000,99382,129197,1.9
Faisalabad,5,12,1,0,0,3,1,1,2,16,660,2655,42.48,10.4,26,1560000,63719,82836,2.0
Multan,1,8,2,0,2,4,0,0,2,17,573,5295,90.02,18.8,47,2820000,135022,175529,1.7
Sialkot,1,11,3,0,0,1,0,1,2,8,476,1940,15.52,4.0,10,600000,23280,30264,2.1
Karachi,8,10,2,2,2,1,1,0,0,7,1587,8650,60.55,13.8,35,2070000,90825,118072,1.9
Faisalabad,8,17,2,1,1,2,0,0,2,13,1509,5255,68.32,16.7,42,2505000,102472,133214,2.0
Multan,6,11,3,0,1,4,0,0,2,11,826,3865,42.52,8.9,23,1335000,63772,82904,1.7
Peshawar,4,10,2,2,1,1,2,1,1,12,1212,7800,93.6,22.5,57,3375000,140400,182520,2.0
Faisalabad,2,6,3,0,0,3,2,0,2,6,578,2390,14.34,3.5,9,525000,21510,27963,2.0
Multan,2,5,2,3,2,2,1,0,2,11,1005,10125,111.38,23.2,58,3480000,167062,217181,1.7
Bahawalpur,9,19,3,2,0,4,1,1,0,7,1521,6060,42.42,8.7,22,1305000,63629,82719,1.7
Islamabad,5,10,3,0,1,1,2,1,3,11,1672,5425,59.68,15.5,39,2325000,89512,116366,2.2
Bahawalpur,4,6,1,2,0,1,0,1,0,8,1744,4390,35.12,7.2,18,1080000,52679,68484,1.7
Hyderabad,1,6,3,0,1,4,1,0,1,12,1628,3715,44.58,10.3,26,1545000,66870,86931,1.9
Islamabad,7,5,3,1,1,2,1,1,2,8,363,6400,51.2,13.3,34,1995000,76800,99840,2.2
Hyderabad,3,7,2,0,1,4,1,1,2,14,589,4680,65.52,15.2,38,2280000,98280,127764,1.9
Abbottabad,6,19,3,2,2,4,0,0,2,8,317,8985,71.88,20.0,50,3000000,107819,140166,2.3
Lahore,5,11,1,3,2,2,2,0,2,12,363,10790,129.48,32.4,81,4860000,194219,252485,2.1
Bahawalpur,5,15,2,3,1,1,1,0,2,17,629,8400,142.8,29.3,74,4395000,214200,278460,1.7
Lahore,5,4,2,3,0,3,2,0,2,9,1062,6935,62.42,15.6,39,2340000,93622,121709,2.1
Lahore,1,4,1,0,0,2,2,1,1,13,1340,2435,31.66,7.9,20,1185000,47482,61727,2.1
Peshawar,1,15,2,1,2,3,0,0,2,7,742,6800,47.6,11.4,29,1710000,71400,92820,2.0
Islamabad,3,17,2,0,1,1,0,1,2,13,440,4030,52.39,13.6,34,2040000,78585,102160,2.2
Abbottabad,4,8,2,3,0,4,0,0,2,14,1631,6020,84.28,23.4,59,3510000,126420,164346,2.3
Hyderabad,5,14,2,2,1,3,0,0,1,13,743,6385,83.0,19.2,48,2880000,124507,161859,1.9
Multan,2,8,1,3,0,1,0,1,2,11,795,6170,67.87,14.1,36,2115000,101805,132346,1.7
Karachi,8,14,1,2,2,1,0,1,1,15,725,9010,135.15,30.7,77,4605000,202725,263542,1.9
Multan,2,15,2,1,1,4,1,1,0,6,1798,5825,34.95,7.3,19,1095000,52425,68152,1.7
Karachi,9,4,2,2,1,4,2,0,2,12,1568,7835,94.02,21.4,54,3210000,141030,183339,1.9
Bahawalpur,2,9,1,0,0,1,0,0,3,6,749,1135,6.81,1.4,4,210000,10215,13279,1.7
Quetta,9,4,1,0,0,1,1,1,1,12,650,2435,29.22,5.6,14,840000,43829,56978,1.6
Multan,7,8,1,0,0,3,2,1,0,7,898,2845,19.92,4.1,11,615000,29872,38834,1.7
Faisalabad,8,12,2,2,1,1,0,0,1,13,1010,6380,82.94,20.3,51,3045000,124409,161733,2.0
Faisalabad,2,15,2,0,2,1,0,1,1,7,1169,5725,40.07,9.8,25,1470000,60112,78146,2.0
Rawalpindi,7,17,3,0,2,3,1,1,0,8,1484,6780,54.24,14.1,36,2115000,81360,105768,2.2
Islamabad,6,8,1,0,0,2,2,0,2,17,1463,2320,39.44,10.3,26,1545000,59159,76908,2.2
Karachi,4,9,2,1,2,3,0,1,2,8,1816,7685,61.48,14.0,35,2100000,92220,119886,1.9
Karachi,7,11,1,2,0,3,2,0,1,6,1911,5340,32.04,7.3,19,1095000,48060,62478,1.9
Gujranwala,4,14,2,2,2,4,1,0,0,10,1854,8710,87.1,21.8,55,3270000,130650,169845,2.1
Sialkot,2,4,1,3,1,3,0,0,2,10,692,7560,75.6,19.3,49,2895000,113400,147420,2.1
Islamabad,7,17,2,2,0,1,2,1,1,15,1141,6130,91.95,23.9,60,3585000,137925,179302,2.2
Peshawar,8,5,3,1,2,1,1,1,3,10,700,8575,85.75,20.6,52,3090000,128625,167212,2.0
Rawalpindi,2,19,3,2,1,1,1,1,0,14,349,7235,101.29,26.4,66,3960000,151935,197515,2.2
Peshawar,5,12,1,1,2,2,0,1,3,11,1043,7755,85.3,20.5,52,3075000,127957,166344,2.0
Bahawalpur,1,6,2,1,1,1,2,0,3,11,1618,5665,62.32,12.8,32,1920000,93472,121514,1.7
Bahawalpur,7,9,2,2,1,2,0,0,1,8,1748,6360,50.88,10.4,26,1560000,76320,99216,1.7
Peshawar,8,8,1,3,2,1,0,1,0,10,1205,10220,102.2,24.6,62,3690000,153300,199290,2.0
Peshawar,6,14,2,0,2,3,2,1,2,15,1335,7410,111.15,26.7,67,4005000,166725,216742,2.0
Abbottabad,5,5,1,0,1,4,2,1,2,12,1658,5150,61.8,17.2,43,2580000,92700,120510,2.3
Islamabad,6,17,2,2,1,1,2,1,1,8,1290,8055,64.44,16.8,42,2520000,96659,125657,2.2
Peshawar,2,18,1,2,1,2,1,0,2,7,1338,6670,46.69,11.2,28,1680000,70034,91045,2.0
Faisalabad,1,10,2,1,0,2,1,1,2,10,327,3875,38.75,9.5,24,1425000,58125,75562,2.0
Sialkot,7,7,1,2,1,4,2,0,3,8,687,7780,62.24,15.9,40,2385000,93360,121368,2.1
Sialkot,7,4,2,1,0,1,1,1,3,10,1615,4335,43.35,11.1,28,1665000,65025,84532,2.1
Lahore,2,16,3,3,1,3,0,1,0,14,1132,8390,117.46,29.4,74,4410000,176190,229047,2.1
Quetta,2,7,2,2,0,1,2,1,3,16,549,6005,96.08,18.5,47,2775000,144120,187356,1.6
Bahawalpur,1,9,1,0,1,1,0,0,2,15,1828,2860,42.9,8.8,22,1320000,64350,83655,1.7
Karachi,8,10,3,0,1,4,2,1,0,6,397,5350,32.1,7.3,19,1095000,48149,62594,1.9
Gujranwala,8,18,2,2,1,1,0,0,0,9,1660,6270,56.43,14.1,36,2115000,84645,110038,2.1
Swat,1,10,3,1,2,3,2,0,1,15,1362,7675,115.12,31.3,79,4695000,172687,224493,2.3
Karachi,8,17,2,0,2,2,0,1,3,10,1361,6705,67.05,15.2,38,2280000,100575,130747,1.9
Quetta,9,10,3,1,1,4,2,0,0,7,1623,6175,43.22,8.3,21,1245000,64837,84288,1.6
Gujranwala,4,6,1,2,0,3,2,0,2,17,478,5240,89.08,22.3,56,3345000,133620,173706,2.1
Abbottabad,1,19,2,2,0,2,1,0,0,7,1932,4360,30.52,8.5,22,1275000,45780,59514,2.3
Islamabad,1,9,2,0,1,4,0,1,0,6,1191,3660,21.96,5.7,15,855000,32940,42822,2.2
Multan,3,16,1,2,2,4,1,0,1,13,1792,8715,113.3,23.6,59,3540000,169942,220925,1.7
Islamabad,5,11,3,3,0,2,0,0,2,7,1605,6090,42.63,11.1,28,1665000,63944,83128,2.2
Karachi,5,7,1,3,2,2,1,1,2,8,1049,10980,87.84,20.0,50,3000000,131760,171288,1.9
Karachi,9,16,1,0,0,3,2,1,3,17,1487,3715,63.16,14.4,36,2160000,94732,123152,1.9
Gujranwala,2,11,3,3,1,1,1,0,2,7,752,8265,57.86,14.5,37,2175000,86782,112817,2.1
Gujranwala,2,5,1,1,2,1,1,0,0,9,396,6475,58.28,14.6,37,2190000,87412,113636,2.1
Bahawalpur,6,18,2,0,0,1,2,0,2,6,608,2520,15.12,3.1,8,465000,22680,29484,1.7
Abbottabad,9,13,2,0,1,1,1,0,2,8,561,4170,33.36,9.3,24,1395000,50040,65052,2.3
Bahawalpur,1,12,2,1,1,1,2,1,0,10,592,5905,59.05,12.1,31,1815000,88575,115147,1.7
Quetta,9,12,1,3,1,3,0,1,1,15,548,8755,131.33,25.3,64,3795000,196987,256083,1.6
Peshawar,9,11,2,3,2,4,1,0,3,6,544,11140,66.84,16.1,41,2415000,100260,130338,2.0
Islamabad,9,13,2,3,2,3,2,1,3,9,550,12320,110.88,28.9,73,4335000,166319,216215,2.2
Gujranwala,5,17,2,0,1,3,2,0,1,11,422,4430,48.73,12.2,31,1830000,73095,95023,2.1
Hyderabad,9,16,2,0,2,3,1,1,0,9,624,6765,60.88,14.1,36,2115000,91327,118725,1.9
Quetta,4,13,2,3,0,4,0,1,3,12,1285,7045,84.54,16.3,41,2445000,126809,164853,1.6
Faisalabad,2,4,2,2,1,3,1,0,1,12,800,6510,78.12,19.1,48,2865000,117180,152334,2.0
Abbottabad,6,5,1,3,1,3,2,0,1,11,986,8675,95.43,26.5,67,3975000,143137,186078,2.3
Karachi,4,9,2,1,2,4,0,0,1,14,1389,6835,95.69,21.7,55,3255000,143535,186595,1.9
Bahawalpur,6,13,2,0,1,3,1,0,3,7,1135,4345,30.42,6.2,16,930000,45622,59309,1.7
Quetta,3,8,3,1,0,1,2,1,3,15,358,4745,71.18,13.7,35,2055000,106762,138791,1.6
Swat,6,15,1,1,2,2,1,1,3,13,1030,8375,108.88,29.6,74,4440000,163312,212306,2.3
Islamabad,2,17,1,0,2,3,0,0,3,13,1821,5455,70.92,18.5,47,2775000,106372,138284,2.2
Gujranwala,2,12,1,2,1,2,0,1,2,16,1696,6830,109.28,27.3,69,4095000,163920,213096,2.1
Karachi,9,8,1,3,1,3,0,1,1,15,565,8695,130.43,29.6,74,4440000,195637,254328,1.9
Multan,7,5,2,1,1,3,0,0,2,16,1976,5100,81.6,17.0,43,2550000,122400,159120,1.7
Swat,3,13,2,0,2,1,0,0,1,9,535,5020,45.18,12.3,31,1845000,67770,88101,2.3
Abbottabad,1,7,3,1,1,4,1,1,3,11,1197,6380,70.18,19.5,49,2925000,105269,136851,2.3
Quetta,8,12,3,3,0,2,0,0,3,16,517,6530,104.48,20.1,51,3015000,156720,203736,1.6
Rawalpindi,6,4,1,2,1,4,0,0,2,11,1850,6460,71.06,18.5,47,2775000,106590,138567,2.2
Karachi,7,14,3,2,1,1,2,1,0,10,1764,8035,80.35,18.3,46,2745000,120525,156682,1.9
Islamabad,9,4,3,2,2,1,0,1,3,6,1973,9635,57.81,15.1,38,2265000,86715,112729,2.2
Lahore,5,15,1,0,1,2,2,0,0,8,1729,3950,31.6,7.9,20,1185000,47400,61620,2.1
Hyderabad,1,10,1,0,2,4,2,1,1,12,1924,6725,80.7,18.7,47,2805000,121049,157364,1.9
Sukkur,7,14,3,2,1,1,2,0,2,13,1274,7685,99.9,20.1,51,3015000,149857,194814,1.7
Swat,5,6,2,3,0,3,1,0,0,7,888,6065,42.46,11.5,29,1725000,63682,82787,2.3
Peshawar,3,13,3,3,0,3,1,1,0,8,1971,6920,55.36,13.3,34,1995000,83040,107952,2.0
Sukkur,9,5,3,0,2,3,2,1,3,9,1216,7850,70.65,14.2,36,2130000,105974,137767,1.7
Islamabad,1,12,2,2,2,4,1,0,0,16,1792,8455,135.28,35.2,88,5280000,202920,263796,2.2
Faisalabad,1,6,2,3,1,3,0,0,0,10,1217,7265,72.65,17.8,45,2670000,108974,141667,2.0
Bahawalpur,1,19,1,3,1,3,1,0,1,8,1433,8010,64.08,13.1,33,1965000,96120,124956,1.7
Faisalabad,3,5,1,3,0,1,0,1,2,10,652,6200,62.0,15.2,38,2280000,93000,120900,2.0
Lahore,6,15,3,0,1,1,0,0,3,13,390,3825,49.72,12.4,31,1860000,74587,96963,2.1
Swat,3,11,2,2,0,3,1,1,3,13,1737,5840,75.92,20.6,52,3090000,113880,148044,2.3
Peshawar,8,13,1,1,2,3,1,0,0,7,1001,7245,50.72,12.2,31,1830000,76072,98894,2.0
Rawalpindi,2,9,3,2,1,1,2,1,1,11,372,7785,85.64,22.3,56,3345000,128452,166988,2.2
Lahore,9,9,2,2,2,2,1,0,0,9,984,8810,79.29,19.8,50,2970000,118935,154615,2.1
Swat,3,13,3,0,1,4,1,1,0,14,1870,4520,63.28,17.2,43,2580000,94920,123396,2.3
Sialkot,5,14,1,3,0,4,1,0,3,15,1021,6735,101.02,25.8,65,3870000,151537,196998,2.1
Sukkur,8,10,1,3,2,1,0,0,0,7,1621,9500,66.5,13.4,34,2010000,99750,129675,1.7
Lahore,2,10,2,0,2,4,0,0,0,13,1968,5000,65.0,16.2,41,2430000,97500,126750,2.1
Sukkur,6,14,3,0,1,1,0,0,1,6,1606,3410,20.46,4.1,11,615000,30690,39897,1.7
Karachi,5,16,2,0,2,1,2,1,3,16,1828,7365,117.84,26.8,67,4020000,176760,229788,1.9
Faisalabad,9,18,1,0,0,1,2,1,2,11,1521,3345,36.8,9.0,23,1350000,55192,71750,2.0
Karachi,5,9,1,0,2,1,2,1,1,16,1257,6710,107.36,24.4,61,3660000,161040,209352,1.9
Hyderabad,2,7,3,1,2,2,0,1,1,16,1355,7355,117.68,27.2,68,4080000,176520,229476,1.9
Sialkot,5,14,3,2,1,3,1,1,1,17,947,7785,132.34,33.8,85,5070000,198517,258072,2.1
Peshawar,4,12,3,2,2,3,2,0,3,15,1059,9830,147.45,35.4,89,5310000,221175,287527,2.0
Rawalpindi,7,9,2,2,1,2,2,1,0,6,1170,7910,47.46,12.4,31,1860000,71190,92547,2.2
Abbottabad,6,7,3,3,1,4,0,1,2,7,1664,9055,63.38,17.6,44,2640000,95077,123600,2.3
Sukkur,2,15,3,1,2,4,2,1,3,8,1981,9075,72.6,14.6,37,2190000,108900,141570,1.7
Rawalpindi,5,6,1,2,0,3,1,1,0,14,1657,5165,72.31,18.8,47,2820000,108465,141004,2.2
Sukkur,7,7,1,3,1,4,0,0,1,10,442,7880,78.8,15.9,40,2385000,118200,153660,1.7
Islamabad,7,6,3,1,2,3,0,0,3,15,1733,7465,111.98,29.2,73,4380000,167962,218351,2.2
Lahore,5,18,3,1,1,3,1,0,0,15,1248,5395,80.92,20.2,51,3030000,121387,157803,2.1
Hyderabad,9,5,1,3,0,2,1,0,2,17,343,6500,110.5,25.6,64,3840000,165750,215475,1.9
Faisalabad,4,17,3,1,0,4,1,1,2,7,331,4555,31.88,7.8,20,1170000,47827,62175,2.0
Abbottabad,3,8,2,3,1,2,2,1,0,15,327,9095,136.43,37.9,95,5685000,204637,266028,2.3
Gujranwala,4,5,2,2,0,3,1,0,3,10,1319,5075,50.75,12.7,32,1905000,76125,98962,2.1
Sukkur,5,9,2,3,2,3,0,0,1,10,722,9810,98.1,19.8,50,2970000,147150,191295,1.7
Rawalpindi,6,6,3,1,2,3,1,1,0,6,790,8040,48.24,12.6,32,1890000,72359,94067,2.2
Hyderabad,3,9,1,2,1,1,0,1,1,8,459,6560,52.48,12.1,31,1815000,78720,102336,1.9
Multan,2,18,3,2,0,1,0,0,2,10,1144,4370,43.7,9.1,23,1365000,65550,85215,1.7
Abbottabad,4,14,3,0,2,1,2,0,0,14,1530,6060,84.84,23.6,59,3540000,127259,165438,2.3
Multan,5,13,1,0,2,2,1,0,2,15,317,5820,87.3,18.2,46,2730000,130950,170235,1.7
Karachi,4,12,1,1,2,3,2,0,1,6,1426,7630,45.78,10.4,26,1560000,68670,89271,1.9
Faisalabad,3,4,1,3,1,4,1,1,1,13,1905,8785,114.2,28.0,70,4200000,171307,222699,2.0
Bahawalpur,8,19,2,3,1,2,1,1,0,6,1954,9135,54.81,11.2,28,1680000,82215,106879,1.7
Bahawalpur,4,19,3,1,2,2,1,1,0,14,1974,7985,111.79,22.9,58,3435000,167685,217990,1.7
Gujranwala,2,9,1,2,2,2,1,0,0,11,971,8135,89.48,22.4,56,3360000,134227,174495,2.1
Islamabad,2,12,3,1,0,4,1,1,2,6,531,4330,25.98,6.8,17,1020000,38970,50661,2.2
Rawalpindi,1,14,2,1,0,3,0,1,1,13,1983,3335,43.36,11.3,29,1695000,65032,84542,2.2
Swat,4,7,2,2,0,1,0,0,1,10,723,4005,40.05,10.9,28,1635000,60075,78097,2.3
Gujranwala,9,14,1,3,1,3,1,0,2,12,1203,8735,104.82,26.2,66,3930000,157230,204399,2.1
Lahore,7,15,1,1,2,3,0,0,0,12,1054,6700,80.4,20.1,51,3015000,120600,156780,2.1
Lahore,7,5,3,3,1,2,2,0,3,12,1870,9350,112.2,28.0,70,4200000,168299,218789,2.1
Rawalpindi,7,16,1,1,2,2,2,0,0,11,1136,7615,83.76,21.8,55,3270000,125647,163341,2.2
Swat,8,7,3,2,0,2,2,0,3,16,1193,5955,95.28,25.9,65,3885000,142920,185796,2.3
Peshawar,1,4,1,2,0,1,1,1,3,13,538,5235,68.06,16.4,41,2460000,102082,132707,2.0
Islamabad,8,6,3,0,0,1,1,1,2,14,1657,2890,40.46,10.5,27,1575000,60690,78897,2.2
Hyderabad,4,13,3,2,0,1,0,1,1,17,448,4995,84.92,19.7,50,2955000,127372,165584,1.9
Sukkur,4,12,3,0,2,3,0,1,1,7,922,6180,43.26,8.7,22,1305000,64890,84357,1.7
Swat,4,13,3,1,0,2,0,1,1,12,1731,3595,43.14,11.7,30,1755000,64710,84123,2.3
Bahawalpur,6,8,2,3,2,4,2,1,1,7,316,11720,82.04,16.8,42,2520000,123060,159978,1.7
Abbottabad,7,18,3,2,2,3,2,0,2,11,1213,9945,109.4,30.4,76,4560000,164092,213320,2.3
Peshawar,6,14,1,2,1,1,2,0,3,7,525,7510,52.57,12.6,32,1890000,78855,102511,2.0
Sukkur,1,9,2,2,0,4,2,0,1,15,951,5110,76.65,15.5,39,2325000,114975,149467,1.7
Sukkur,8,6,2,1,0,4,0,1,3,11,1979,4240,46.64,9.4,24,1410000,69960,90948,1.7
Peshawar,7,19,3,0,1,2,1,1,2,7,559,5110,35.77,8.6,22,1290000,53655,69751,2.0
Karachi,6,8,2,1,2,4,1,0,0,6,973,7270,43.62,9.9,25,1485000,65429,85059,1.9
Multan,6,14,3,3,0,1,2,0,2,12,1927,7110,85.32,17.8,45,2670000,127980,166374,1.7
Sukkur,5,11,1,1,2,2,1,0,1,8,473,7090,56.72,11.4,29,1710000,85080,110604,1.7
Peshawar,6,9,3,3,1,4,1,0,0,17,504,8435,143.4,34.5,87,5175000,215092,279620,2.0
Swat,9,7,2,2,2,2,1,0,2,9,714,9180,82.62,22.5,57,3375000,123930,161109,2.3
Peshawar,9,5,1,3,0,4,2,1,2,11,1831,7950,87.45,21.0,53,3150000,131175,170527,2.0
Sialkot,8,17,3,3,2,3,0,1,3,10,1476,11455,114.55,29.2,73,4380000,171825,223372,2.1
Gujranwala,9,12,1,0,2,3,0,1,2,9,1426,6455,58.1,14.5,37,2175000,87142,113285,2.1
Quetta,8,16,1,3,0,1,1,0,0,14,1091,6090,85.26,16.4,41,2460000,127889,166257,1.6
Karachi,8,15,2,3,0,3,0,1,2,11,1388,7075,77.82,17.7,45,2655000,116737,151758,1.9
Faisalabad,1,4,1,1,2,3,0,0,1,11,1440,6285,69.14,16.9,43,2535000,103702,134813,2.0
Quetta,5,4,2,2,2,3,2,1,3,7,1988,10385,72.69,14.0,35,2100000,109042,141755,1.6
Gujranwala,4,16,1,1,1,4,2,0,0,11,1479,5590,61.49,15.4,39,2310000,92234,119905,2.1
Gujranwala,2,7,3,1,0,4,1,0,0,12,1999,3105,37.26,9.3,24,1395000,55890,72657,2.1
Gujranwala,8,10,1,2,2,2,1,1,2,13,1405,9750,126.75,31.7,80,4755000,190125,247162,2.1
Quetta,3,4,3,2,0,4,1,1,1,13,817,5585,72.6,14.0,35,2100000,108907,141579,1.6
Rawalpindi,4,12,3,3,1,3,2,1,3,14,1390,10080,141.12,36.8,92,5520000,211680,275184,2.2
Multan,7,7,1,3,2,4,0,1,0,15,1561,10430,156.45,32.6,82,4890000,234675,305077,1.7
Peshawar,9,6,3,0,2,1,2,1,3,16,1907,7665,122.64,29.5,74,4425000,183960,239148,2.0
Abbottabad,2,4,1,1,2,2,2,0,2,17,1930,7460,126.82,35.2,88,5280000,190230,247299,2.3
Multan,3,13,1,2,0,2,0,1,1,8,1278,4720,37.76,7.9,20,1185000,56640,73632,1.7
Bahawalpur,4,7,3,3,1,4,0,1,2,15,1309,8905,133.57,27.4,69,4110000,200362,260471,1.7
Swat,1,12,3,2,0,3,1,0,3,12,1649,5105,61.26,16.6,42,2490000,91890,119457,2.3
Islamabad,7,16,2,3,2,2,0,1,2,12,889,10915,130.98,34.1,86,5115000,196469,255410,2.2
Rawalpindi,2,17,3,0,1,1,0,0,3,6,366,3555,21.33,5.6,14,840000,31995,41593,2.2
Faisalabad,5,13,2,0,2,1,0,1,0,13,1499,5720,74.36,18.2,46,2730000,111540,145002,2.0
Multan,1,19,3,2,2,2,0,1,0,9,983,8760,78.84,16.4,41,2460000,118260,153738,1.7
Abbottabad,3,19,1,0,0,3,1,0,2,10,1801,1860,18.6,5.2,13,780000,27900,36270,2.3
Lahore,2,9,3,2,2,3,1,1,0,11,1578,9285,102.14,25.5,64,3825000,153202,199163,2.1
Gujranwala,1,19,1,3,1,4,0,1,3,8,362,8760,70.08,17.5,44,2625000,105120,136656,2.1
Sukkur,7,9,1,1,2,4,0,1,0,10,1113,7460,74.6,15.0,38,2250000,111900,145470,1.7
Bahawalpur,5,4,1,0,2,2,1,1,1,15,702,6235,93.52,19.2,48,2880000,140287,182373,1.7
Islamabad,1,13,2,3,0,4,1,0,1,10,491,6170,61.7,16.1,41,2415000,92550,120315,2.2
Karachi,6,5,3,1,1,4,0,0,2,6,1652,5275,31.65,7.2,18,1080000,47475,61717,1.9
Faisalabad,5,14,1,1,0,4,2,1,2,8,370,4785,38.28,9.4,24,1410000,57420,74646,2.0
Swat,3,9,1,1,2,1,1,1,2,8,1177,7760,62.08,16.9,43,2535000,93120,121056,2.3
Islamabad,7,5,2,3,0,4,1,0,2,6,1040,6700,40.2,10.5,27,1575000,60300,78390,2.2
Gujranwala,9,6,3,3,0,2,1,0,3,12,1245,7015,84.18,21.0,53,3150000,126269,164151,2.1
Sukkur,9,7,3,2,0,3,0,1,3,6,1386,5880,35.28,7.1,18,1065000,52920,68796,1.7
Rawalpindi,9,14,2,1,0,4,0,0,1,12,1620,3285,39.42,10.3,26,1545000,59130,76869,2.2
Sukkur,2,8,2,1,2,3,1,0,3,9,544,7470,67.23,13.6,34,2040000,100845,131098,1.7
Quetta,3,18,3,1,2,4,0,0,0,14,818,6845,95.83,18.4,46,2760000,143745,186868,1.6
Sukkur,7,12,2,2,1,2,0,0,1,12,692,6405,76.86,15.5,39,2325000,115290,149877,1.7
Quetta,5,15,3,1,0,1,1,1,2,10,1071,4300,43.0,8.3,21,1245000,64500,83850,1.6
Bahawalpur,2,18,3,3,0,2,0,0,2,12,1924,5970,71.64,14.7,37,2205000,107459,139698,1.7
Rawalpindi,3,18,1,1,1,1,2,1,3,14,1500,6595,92.33,24.0,60,3600000,138495,180043,2.2
Swat,6,7,1,0,0,4,0,1,1,15,1527,2055,30.83,8.4,21,1260000,46237,60108,2.3
Hyderabad,7,16,3,3,1,4,0,0,3,11,1969,8715,95.86,22.2,56,3330000,143797,186936,1.9
Gujranwala,9,14,3,2,2,1,1,1,3,6,1917,10285,61.71,15.4,39,2310000,92565,120334,2.1
Quetta,1,12,3,1,1,2,1,1,3,11,1856,6255,68.8,13.2,33,1980000,103207,134169,1.6
Karachi,7,14,3,0,0,2,2,0,1,6,1210,2585,15.51,3.5,9,525000,23265,30244,1.9
Sukkur,8,13,3,2,1,1,0,0,2,17,1451,6745,114.66,23.1,58,3465000,171997,223596,1.7
Sukkur,3,6,3,2,2,4,2,0,0,9,1518,9165,82.48,16.6,42,2490000,123727,160845,1.7
Karachi,4,11,2,3,0,1,2,1,2,13,1517,7515,97.7,22.2,56,3330000,146542,190505,1.9
Swat,6,15,3,2,2,4,1,1,1,10,483,9975,99.75,27.1,68,4065000,149625,194512,2.3
Lahore,7,4,2,2,2,1,0,1,2,10,546,9135,91.35,22.8,57,3420000,137025,178132,2.1
Bahawalpur,4,14,2,2,1,4,1,1,2,15,623,7860,117.9,24.2,61,3630000,176850,229905,1.7
Peshawar,8,12,3,2,2,1,2,0,0,16,459,9330,149.28,35.9,90,5385000,223919,291096,2.0
Hyderabad,5,12,3,1,0,3,2,1,2,13,1005,4955,64.42,14.9,38,2235000,96622,125609,1.9
Faisalabad,1,13,2,1,2,4,1,0,2,13,921,7370,95.81,23.5,59,3525000,143715,186829,2.0
Abbottabad,4,5,2,1,2,2,1,0,2,6,1224,7275,43.65,12.1,31,1815000,65475,85117,2.3
Quetta,3,7,3,1,1,1,1,0,3,10,365,5480,54.8,10.5,27,1575000,82200,106860,1.6
Karachi,9,16,3,0,2,2,1,0,1,17,1229,6265,106.5,24.2,61,3630000,159757,207684,1.9
Abbottabad,8,11,2,1,1,1,1,1,1,10,553,6115,61.15,17.0,43,2550000,91725,119242,2.3
Rawalpindi,1,10,2,2,1,2,2,0,0,13,582,6725,87.42,22.8,57,3420000,131137,170478,2.2
Swat,6,4,2,1,0,2,1,1,3,6,1383,4360,26.16,7.1,18,1065000,39240,51012,2.3
Quetta,9,8,1,1,0,1,0,0,3,12,417,3145,37.74,7.3,19,1095000,56610,73593,1.6
Peshawar,7,10,2,3,0,1,2,0,2,12,722,6975,83.7,20.1,51,3015000,125549,163214,2.0
Abbottabad,4,18,1,2,0,2,2,0,1,14,855,5120,71.68,19.9,50,2985000,107520,139776,2.3
Rawalpindi,1,19,3,1,1,2,0,1,0,7,335,5260,36.82,9.6,24,1440000,55229,71799,2.2
Islamabad,2,7,3,1,2,2,0,0,3,8,830,7005,56.04,14.6,37,2190000,84060,109278,2.2
Gujranwala,5,18,2,1,0,4,2,0,2,9,390,4245,38.2,9.6,24,1440000,57307,74499,2.1
Sukkur,5,19,3,0,0,4,1,0,0,6,1624,2010,12.06,2.4,6,360000,18089,23516,1.7
Islamabad,8,18,3,1,0,3,2,0,3,12,1540,4720,56.64,14.8,37,2220000,84960,110448,2.2
Quetta,6,4,3,3,2,4,2,1,0,15,397,11610,174.15,33.5,84,5025000,261224,339592,1.6
Peshawar,8,12,3,2,0,4,0,1,3,8,1779,5980,47.84,11.5,29,1725000,71760,93288,2.0
Hyderabad,2,17,1,2,2,1,2,0,0,8,830,8655,69.24,16.0,40,2400000,103859,135018,1.9
Abbottabad,3,8,1,1,1,3,1,0,3,8,837,5395,43.16,12.0,30,1800000,64740,84162,2.3
Bahawalpur,6,14,2,1,1,3,0,1,3,13,1351,6110,79.43,16.3,41,2445000,119145,154888,1.7
Gujranwala,3,19,2,1,1,4,2,1,0,14,1899,6460,90.44,22.6,57,3390000,135660,176358,2.1
Quetta,6,5,2,2,2,1,2,1,3,15,1647,10275,154.12,29.6,74,4440000,231187,300543,1.6
Swat,6,11,3,2,0,1,1,0,3,7,1546,5265,36.85,10.0,25,1500000,55282,71867,2.3
Karachi,2,14,3,0,0,3,2,1,3,15,379,3460,51.9,11.8,30,1770000,77850,101205,1.9
Bahawalpur,7,16,1,3,0,1,2,0,0,15,862,6515,97.72,20.0,50,3000000,146587,190563,1.7
Bahawalpur,2,5,1,0,0,2,2,1,0,6,1781,2325,13.95,2.9,8,435000,20925,27202,1.7
Bahawalpur,6,6,2,3,0,4,2,1,3,14,913,8090,113.26,23.2,58,3480000,169890,220857,1.7
Multan,1,17,1,0,2,2,1,0,3,11,475,5780,63.58,13.2,33,1980000,95370,123981,1.7
Quetta,3,13,1,2,1,3,2,1,0,14,821,7620,106.68,20.5,52,3075000,160020,208026,1.6
Gujranwala,2,4,1,0,0,3,2,0,2,11,1780,2060,22.66,5.7,15,855000,33990,44187,2.1
Sukkur,7,14,1,3,1,1,2,1,3,7,722,9835,68.84,13.9,35,2085000,103267,134247,1.7
Sukkur,4,19,1,1,2,1,0,0,2,6,1423,6735,40.41,8.1,21,1215000,60615,78799,1.7
Quetta,8,5,2,3,2,3,1,1,0,13,1726,11025,143.33,27.6,69,4140000,214987,279483,1.6
Rawalpindi,6,17,2,1,0,3,0,1,3,8,875,4155,33.24,8.7,22,1305000,49860,64818,2.2
Multan,4,19,1,2,2,2,0,0,2,6,1703,8335,50.01,10.4,26,1560000,75015,97519,1.7
Karachi,5,10,2,3,1,2,1,0,0,13,830,8025,104.32,23.7,60,3555000,156487,203433,1.9
Bahawalpur,9,13,3,0,0,1,0,0,2,17,631,1820,30.94,6.3,16,945000,46410,60333,1.7
Bahawalpur,7,5,1,3,0,2,0,0,1,6,1641,5650,33.9,6.9,18,1035000,50850,66105,1.7
Quetta,9,9,3,1,1,1,0,1,0,13,952,5610,72.93,14.0,35,2100000,109395,142213,1.6
Rawalpindi,7,18,2,2,0,1,1,1,1,6,1860,5645,33.87,8.8,22,1320000,50804,66046,2.2
Sukkur,1,6,2,0,0,4,2,1,0,14,1039,2615,36.61,7.4,19,1110000,54915,71389,1.7
Sukkur,8,7,3,3,1,1,1,1,0,14,1412,9005,126.07,25.4,64,3810000,189105,245836,1.7
Peshawar,4,14,2,1,0,2,1,1,3,17,1927,4360,74.12,17.8,45,2670000,111180,144534,2.0
Quetta,3,18,1,0,0,3,1,1,1,14,810,2395,33.53,6.4,16,960000,50295,65383,1.6
Multan,7,16,3,2,1,3,0,0,1,8,341,6715,53.72,11.2,28,1680000,80580,104754,1.7
Lahore,3,11,1,0,2,2,2,1,1,9,1184,6690,60.21,15.1,38,2265000,90315,117409,2.1
Multan,8,17,3,2,1,3,1,1,0,10,1712,7855,78.55,16.4,41,2460000,117825,153172,1.7
Swat,6,6,2,0,0,1,1,0,1,11,380,1640,18.04,4.9,13,735000,27059,35178,2.3
Sukkur,5,13,3,3,1,3,2,1,1,14,701,9770,136.78,27.6,69,4140000,205169,266721,1.7
Sukkur,4,9,3,1,0,2,2,1,3,16,406,4935,78.96,15.9,40,2385000,118439,153972,1.7
Islamabad,8,4,1,3,0,3,2,1,2,17,1434,7760,131.92,34.4,86,5160000,197879,257243,2.2
Sukkur,8,10,2,3,1,1,0,0,2,9,1600,8050,72.45,14.6,37,2190000,108675,141277,1.7
Karachi,1,11,1,2,0,1,2,0,1,11,1537,4690,51.59,11.7,30,1755000,77385,100600,1.9
Faisalabad,9,14,2,2,2,2,0,1,1,6,805,9335,56.01,13.7,35,2055000,84015,109219,2.0
Quetta,5,17,1,2,0,2,1,0,1,7,1444,4680,32.76,6.3,16,945000,49140,63882,1.6
Abbottabad,4,11,3,3,1,2,0,1,1,13,1457,8565,111.34,30.9,78,4635000,167017,217122,2.3
Multan,6,6,1,0,2,4,2,1,2,9,1019,7240,65.16,13.6,34,2040000,97740,127062,1.7
Faisalabad,6,17,2,0,2,4,0,1,3,15,1694,6755,101.32,24.8,62,3720000,151987,197583,2.0
Rawalpindi,2,13,2,3,0,1,2,0,0,12,556,6245,74.94,19.5,49,2925000,112409,146133,2.2
Lahore,8,4,3,3,1,4,0,1,1,9,1253,8960,80.64,20.2,51,3030000,120960,157248,2.1
Karachi,7,12,2,1,0,4,1,1,1,14,1503,4355,60.97,13.9,35,2085000,91455,118891,1.9
Gujranwala,1,16,1,2,0,3,0,1,2,14,1232,4915,68.81,17.2,43,2580000,103215,134179,2.1
Sialkot,5,9,3,2,1,4,1,1,1,9,1371,7810,70.29,17.9,45,2685000,105434,137065,2.1
Multan,6,14,2,3,1,3,2,1,3,13,1922,10110,131.43,27.4,69,4110000,197145,256288,1.7
Faisalabad,4,12,2,3,0,2,1,0,3,11,1196,6580,72.38,17.7,45,2655000,108569,141141,2.0
Gujranwala,2,10,1,0,2,3,2,1,1,6,318,6700,40.2,10.0,25,1500000,60300,78390,2.1
Lahore,4,4,1,3,0,3,2,0,2,12,1369,6710,80.52,20.1,51,3015000,120780,157014,2.1
Islamabad,1,15,3,0,2,2,1,1,1,6,750,6400,38.4,10.0,25,1500000,57600,74880,2.2
Gujranwala,7,15,2,3,0,2,1,0,1,8,1197,6450,51.6,12.9,33,1935000,77400,100620,2.1
Karachi,2,4,1,1,1,1,0,1,2,13,1379,5110,66.43,15.1,38,2265000,99645,129538,1.9
Karachi,2,9,3,1,2,1,0,1,3,14,1040,7685,107.59,24.5,62,3675000,161385,209800,1.9
Abbottabad,9,8,2,0,1,1,1,0,0,8,1980,3695,29.56,8.2,21,1230000,44340,57642,2.3
Islamabad,5,12,2,2,1,1,1,0,1,6,1415,6655,39.93,10.4,26,1560000,59895,77863,2.2
Sialkot,2,5,3,1,1,3,1,1,3,6,381,6325,37.95,9.7,25,1455000,56925,74002,2.1
Quetta,9,11,3,0,1,3,1,0,1,12,1036,4290,51.48,9.9,25,1485000,77220,100386,1.6
Gujranwala,9,14,1,3,1,1,2,0,0,10,378,8635,86.35,21.6,54,3240000,129525,168382,2.1
Islamabad,1,8,2,3,0,4,1,1,2,6,1985,7045,42.27,11.0,28,1650000,63404,82426,2.2
Karachi,3,5,2,0,2,1,1,1,3,11,582,6550,72.05,16.4,41,2460000,108075,140497,1.9
Karachi,4,16,2,2,0,4,1,1,0,11,1634,5490,60.39,13.7,35,2055000,90585,117760,1.9
Faisalabad,7,13,3,0,0,2,1,1,1,9,1296,2820,25.38,6.2,16,930000,38070,49491,2.0
Sukkur,4,14,1,0,0,3,2,1,0,12,459,2710,32.52,6.6,17,990000,48779,63413,1.7
Sialkot,2,14,2,1,1,3,0,0,3,12,1639,5060,60.72,15.5,39,2325000,91080,118404,2.1
Gujranwala,7,15,3,0,0,4,0,1,2,17,1991,2750,46.75,11.7,30,1755000,70125,91162,2.1
Abbottabad,6,9,2,0,2,1,0,0,1,14,1479,5185,72.59,20.2,51,3030000,108884,141550,2.3
Abbottabad,3,13,1,3,0,3,0,1,2,17,1187,6520,110.84,30.8,77,4620000,166260,216138,2.3
Gujranwala,6,11,2,1,1,4,0,1,2,6,767,5965,35.79,8.9,23,1335000,53685,69790,2.1
Swat,6,7,1,3,2,2,2,0,0,10,1152,10405,104.05,28.3,71,4245000,156075,202897,2.3
Bahawalpur,5,5,1,3,2,2,0,1,0,15,761,10050,150.75,30.9,78,4635000,226125,293962,1.7
Lahore,4,15,2,2,2,3,2,0,3,8,1153,9725,77.8,19.4,49,2910000,116700,151710,2.1
Abbottabad,1,14,2,2,2,1,2,0,3,12,416,9285,111.42,31.0,78,4650000,167130,217269,2.3
Islamabad,6,8,1,1,0,4,0,0,2,9,1989,3020,27.18,7.1,18,1065000,40770,53001,2.2
Lahore,2,18,3,1,1,3,0,1,3,9,663,6020,54.18,13.5,34,2025000,81270,105651,2.1
Islamabad,3,15,1,2,2,2,0,1,2,17,1954,8950,152.15,39.6,99,5940000,228224,296692,2.2
Rawalpindi,8,5,2,2,2,1,1,1,1,6,765,9525,57.15,14.9,38,2235000,85725,111442,2.2
Karachi,6,5,2,2,1,4,2,1,2,6,483,8375,50.25,11.4,29,1710000,75375,97987,1.9
Sukkur,3,18,3,2,0,3,0,1,3,15,959,5595,83.92,16.9,43,2535000,125887,163653,1.7
Faisalabad,7,9,1,2,2,4,1,1,3,7,1489,10060,70.42,17.3,44,2595000,105630,137319,2.0
Abbottabad,4,19,1,3,0,1,2,0,2,7,374,6735,47.14,13.1,33,1965000,70717,91932,2.3
Sukkur,9,14,1,1,0,1,1,1,0,6,1125,3885,23.31,4.7,12,705000,34965,45454,1.7
Sukkur,5,13,2,3,0,2,1,1,2,13,1595,7220,93.86,18.9,48,2835000,140790,183027,1.7
Sukkur,3,12,1,3,0,1,0,1,2,11,802,6305,69.35,14.0,35,2100000,104032,135242,1.7
Bahawalpur,2,16,3,0,2,3,2,1,0,11,1094,6890,75.79,15.5,39,2325000,113684,147790,1.7
Lahore,2,7,2,3,2,4,1,0,1,15,1886,10155,152.32,38.1,96,5715000,228487,297033,2.1
Islamabad,3,9,2,2,0,1,2,0,0,15,886,4760,71.4,18.6,47,2790000,107099,139229,2.2
Hyderabad,2,19,1,2,0,1,0,0,3,14,955,4285,59.99,13.9,35,2085000,89985,116980,1.9
Rawalpindi,4,10,3,0,1,3,2,0,0,10,1666,4200,42.0,10.9,28,1635000,63000,81900,2.2
Multan,2,16,2,0,1,4,1,0,3,9,999,4190,37.71,7.9,20,1185000,56565,73534,1.7
Sukkur,9,14,2,0,1,4,1,1,3,16,934,5435,86.96,17.5,44,2625000,130439,169572,1.7
Quetta,2,9,1,0,2,2,2,0,2,11,1143,6035,66.39,12.8,32,1920000,99577,129450,1.6
Lahore,9,11,1,0,1,2,1,0,2,13,1574,4090,53.17,13.3,34,1995000,79755,103681,2.1
Abbottabad,6,7,3,3,2,4,1,1,1,6,1134,11355,68.13,18.9,48,2835000,102195,132853,2.3
Sialkot,1,15,1,0,2,3,1,1,3,12,1453,6600,79.2,20.2,51,3030000,118799,154439,2.1
Abbottabad,4,18,3,3,2,3,0,0,2,13,1063,10220,132.86,36.9,93,5535000,199290,259077,2.3
Faisalabad,1,4,2,1,2,2,0,1,3,14,657,7485,104.79,25.7,65,3855000,157185,204340,2.0
Multan,6,10,3,0,1,1,1,1,1,16,991,4600,73.6,15.3,39,2295000,110400,143520,1.7
Hyderabad,4,6,3,0,0,3,2,0,3,13,1731,2740,35.62,8.2,21,1230000,53430,69459,1.9
Quetta,3,17,3,3,0,1,0,1,1,12,1818,6480,77.76,15.0,38,2250000,116640,151632,1.6
Abbottabad,3,9,2,1,0,3,2,0,1,8,921,3660,29.28,8.1,21,1215000,43920,57096,2.3
Hyderabad,9,5,1,3,1,4,1,0,1,7,781,8500,59.5,13.8,35,2070000,89250,116025,1.9
Multan,6,12,2,3,0,2,1,1,2,8,1279,7280,58.24,12.1,31,1815000,87360,113568,1.7
Sukkur,9,4,1,0,1,1,2,0,0,9,1401,3985,35.86,7.2,18,1080000,53797,69936,1.7
Quetta,5,9,3,2,1,1,0,0,0,9,1277,6060,54.54,10.5,27,1575000,81810,106353,1.6
Hyderabad,2,9,3,2,1,4,2,1,2,11,1837,8285,91.14,21.1,53,3165000,136702,177713,1.9
Faisalabad,8,8,3,3,0,3,2,1,3,17,1644,8320,141.44,34.7,87,5205000,212160,275808,2.0
Islamabad,5,19,3,0,0,1,1,1,2,12,589,2860,34.32,8.9,23,1335000,51479,66924,2.2
Karachi,2,16,3,1,0,3,0,1,3,17,1620,3990,67.83,15.4,39,2310000,101745,132268,1.9
Islamabad,4,8,1,2,2,4,2,0,1,9,1051,9170,82.53,21.5,54,3225000,123795,160933,2.2
Multan,9,4,1,1,1,2,0,1,2,15,1798,5735,86.02,17.9,45,2685000,129037,167748,1.7
Lahore,4,13,3,2,2,1,1,1,0,11,322,9295,102.24,25.6,64,3840000,153367,199377,2.1
Karachi,4,15,2,0,1,3,0,0,3,14,1105,3725,52.15,11.9,30,1785000,78225,101692,1.9
Rawalpindi,2,8,2,3,0,1,1,0,2,11,471,6070,66.77,17.4,44,2610000,100155,130201,2.2
Faisalabad,6,5,3,1,1,3,0,0,2,8,1134,5175,41.4,10.1,26,1515000,62100,80730,2.0
Rawalpindi,2,10,1,1,1,3,2,0,3,6,617,5850,35.1,9.1,23,1365000,52649,68444,2.2
Bahawalpur,7,6,2,3,2,3,1,1,1,16,1207,11165,178.64,36.6,92,5490000,267960,348348,1.7
Quetta,3,16,2,1,1,4,2,1,1,15,1097,6615,99.22,19.1,48,2865000,148837,193488,1.6
Gujranwala,3,18,2,2,0,2,1,0,1,15,1290,4695,70.43,17.6,44,2640000,105637,137328,2.1
Karachi,5,7,3,3,1,1,0,0,1,10,1154,7730,77.3,17.6,44,2640000,115950,150735,1.9
Rawalpindi,3,6,2,2,1,2,0,0,3,15,1516,6415,96.22,25.1,63,3765000,144337,187638,2.2
Abbottabad,2,6,2,2,1,3,1,0,0,15,980,6340,95.1,26.4,66,3960000,142650,185445,2.3
Rawalpindi,9,7,2,0,2,3,1,1,2,8,1215,7030,56.24,14.6,37,2190000,84360,109668,2.2
Hyderabad,2,8,2,2,1,2,1,0,2,13,1441,6670,86.71,20.1,51,3015000,130064,169084,1.9
Islamabad,2,4,1,0,1,2,0,1,1,15,1329,3510,52.65,13.7,35,2055000,78975,102667,2.2
Hyderabad,8,7,3,1,2,1,1,0,3,6,1142,7855,47.13,10.9,28,1635000,70695,91903,1.9
Bahawalpur,9,15,3,1,2,3,1,1,0,16,782,8400,134.4,27.5,69,4125000,201600,262080,1.7
Karachi,7,15,1,0,2,2,2,1,0,7,431,6850,47.95,10.9,28,1635000,71924,93502,1.9
Karachi,3,14,1,2,2,4,1,1,2,8,1416,9635,77.08,17.5,44,2625000,115620,150306,1.9
Bahawalpur,9,11,3,3,0,3,2,1,1,8,1845,8040,64.32,13.2,33,1980000,96480,125424,1.7
Multan,3,13,2,3,0,3,2,0,2,17,1886,6920,117.64,24.5,62,3675000,176460,229398,1.7
Hyderabad,5,10,2,0,1,1,2,1,2,13,1160,5075,65.98,15.3,39,2295000,98962,128651,1.9
Peshawar,9,12,3,1,0,4,0,0,0,10,593,3205,32.05,7.7,20,1155000,48074,62497,2.0
Abbottabad,3,8,2,1,1,1,2,1,3,13,940,6595,85.74,23.8,60,3570000,128602,167183,2.3
Sialkot,7,16,1,3,0,4,1,1,0,16,1299,7065,113.04,28.8,72,4320000,169560,220428,2.1
Islamabad,1,18,2,0,2,1,0,0,2,16,691,5145,82.32,21.4,54,3210000,123480,160524,2.2
Karachi,4,13,2,3,2,4,0,0,1,11,548,9895,108.84,24.7,62,3705000,163267,212247,1.9
Multan,4,7,2,2,0,4,0,1,1,17,1937,5055,85.94,17.9,45,2685000,128902,167573,1.7
Gujranwala,7,11,3,2,0,4,0,1,3,7,1918,5890,41.23,10.3,26,1545000,61844,80398,2.1
Abbottabad,8,12,1,0,1,2,0,0,3,16,1002,3730,59.68,16.6,42,2490000,89520,116376,2.3
Hyderabad,1,16,2,0,1,3,0,1,3,9,1740,4265,38.38,8.9,23,1335000,57577,74850,1.9
Islamabad,5,10,3,2,1,4,0,0,2,14,1466,6775,94.85,24.7,62,3705000,142275,184957,2.2
Gujranwala,7,17,2,1,2,2,2,0,2,9,1560,8180,73.62,18.4,46,2760000,110430,143559,2.1
Hyderabad,4,19,1,0,2,2,1,0,3,10,586,6035,60.35,14.0,35,2100000,90525,117682,1.9
Rawalpindi,4,10,2,2,2,1,1,1,1,10,576,9300,93.0,24.2,61,3630000,139500,181350,2.2
Gujranwala,4,19,1,2,2,3,2,1,1,15,686,9985,149.77,37.4,94,5610000,224662,292061,2.1
Bahawalpur,6,8,2,1,1,3,2,0,1,13,1705,5870,76.31,15.6,39,2340000,114465,148804,1.7
Swat,7,7,1,1,2,1,0,0,2,11,749,6780,74.58,20.3,51,3045000,111870,145431,2.3
Multan,2,17,2,1,2,3,0,0,0,15,590,6505,97.58,20.3,51,3045000,146362,190271,1.7
Islamabad,5,13,1,1,2,1,2,0,1,12,1492,7520,90.24,23.5,59,3525000,135360,175968,2.2
Sukkur,4,4,2,3,2,2,0,1,1,11,742,10310,113.41,22.9,58,3435000,170115,221149,1.7
Swat,3,13,2,1,0,2,1,0,1,10,955,3120,31.2,8.5,22,1275000,46800,60840,2.3
Quetta,7,13,3,3,1,4,1,1,3,10,1507,9920,99.2,19.1,48,2865000,148800,193440,1.6
Quetta,6,10,3,0,1,1,0,0,2,8,1368,3550,28.4,5.5,14,825000,42600,55380,1.6
Islamabad,7,19,1,2,2,2,0,1,3,12,1126,9510,114.12,29.7,75,4455000,171180,222534,2.2
Gujranwala,5,4,2,3,0,2,0,1,3,15,1591,6785,101.78,25.4,64,3810000,152662,198461,2.1
Hyderabad,6,4,1,0,1,1,1,1,0,10,775,4010,40.1,9.3,24,1395000,60149,78194,1.9
Multan,5,8,3,0,1,2,0,1,3,12,552,4495,53.94,11.2,28,1680000,80909,105182,1.7
Sialkot,7,16,1,3,2,3,2,1,0,7,1719,11465,80.26,20.5,52,3075000,120382,156497,2.1
Quetta,2,12,1,0,2,2,0,0,3,14,588,5280,73.92,14.2,36,2130000,110880,144144,1.6
Multan,5,9,3,0,1,1,2,0,1,13,1535,4260,55.38,11.5,29,1725000,83070,107991,1.7
Quetta,6,6,2,3,1,3,0,1,2,10,1299,8790,87.9,16.9,43,2535000,131849,171404,1.6
Rawalpindi,6,16,1,0,0,3,0,0,3,7,320,1740,12.18,3.2,8,480000,18270,23751,2.2
Hyderabad,5,6,3,1,1,2,1,0,0,11,615,5115,56.26,13.0,33,1950000,84397,109716,1.9
Rawalpindi,7,10,2,1,1,4,2,0,2,13,863,6275,81.58,21.2,53,3180000,122362,159071,2.2
Abbottabad,8,9,3,2,2,3,2,0,0,12,1761,9485,113.82,31.6,79,4740000,170730,221949,2.3
Quetta,7,12,1,0,1,1,2,0,1,13,1746,4155,54.02,10.4,26,1560000,81022,105329,1.6
Sukkur,5,9,2,2,2,4,1,0,3,9,1556,9310,83.79,16.9,43,2535000,125685,163390,1.7
Sukkur,1,8,2,1,1,4,2,0,2,8,422,5795,46.36,9.3,24,1395000,69540,90402,1.7
Rawalpindi,5,13,3,1,1,3,1,1,1,12,1173,6270,75.24,19.6,49,2940000,112859,146718,2.2
Bahawalpur,2,10,3,1,1,2,0,0,3,7,1259,5050,35.35,7.2,18,1080000,53025,68932,1.7
Swat,5,4,3,0,0,4,0,0,3,10,1935,1885,18.85,5.1,13,765000,28275,36757,2.3
Sukkur,5,15,2,0,2,2,2,0,0,12,513,6100,73.2,14.8,37,2220000,109799,142739,1.7
Quetta,2,10,2,1,0,3,0,1,0,6,1138,3150,18.9,3.6,9,540000,28350,36855,1.6
Islamabad,5,19,1,2,1,1,0,1,1,9,946,6860,61.74,16.1,41,2415000,92610,120393,2.2
Rawalpindi,4,6,2,2,0,4,2,0,0,7,1267,5090,35.63,9.3,24,1395000,53444,69478,2.2
Abbottabad,1,17,1,3,2,1,0,1,1,11,1029,10030,110.33,30.6,77,4590000,165495,215143,2.3
Sialkot,3,12,3,1,1,2,2,1,1,17,899,6505,110.58,28.2,71,4230000,165877,215640,2.1
Sialkot,1,18,3,2,0,2,2,0,1,6,1091,5195,31.17,8.0,20,1200000,46755,60781,2.1
Lahore,5,9,2,1,0,1,0,1,0,12,339,3160,37.92,9.5,24,1425000,56880,73944,2.1
Swat,4,12,3,2,2,3,0,0,2,8,1051,8630,69.04,18.8,47,2820000,103560,134628,2.3
Gujranwala,7,16,3,3,0,3,0,1,1,17,1655,6965,118.4,29.6,74,4440000,177607,230889,2.1
Hyderabad,5,18,2,3,2,4,0,0,2,6,1242,10245,61.47,14.2,36,2130000,92205,119866,1.9
Sukkur,4,8,1,1,1,4,0,1,3,13,947,5820,75.66,15.3,39,2295000,113489,147537,1.7
Sukkur,2,10,2,2,1,3,1,0,0,12,481,6400,76.8,15.5,39,2325000,115200,149760,1.7
Gujranwala,4,16,1,0,0,3,0,0,0,7,564,990,6.93,1.7,5,255000,10394,13513,2.0
Karachi,2,19,2,3,1,1,1,1,2,12,1070,8985,107.82,24.5,62,3675000,161730,210249,1.9
Abbottabad,8,17,2,1,1,2,2,0,3,8,1856,6455,51.64,14.3,36,2145000,77460,100698,2.3
Peshawar,3,7,3,1,0,2,0,0,3,14,1162,3080,43.12,10.4,26,1560000,64680,84084,2.0
Rawalpindi,9,18,2,2,1,4,0,1,1,13,731,7595,98.74,25.7,65,3855000,148102,192533,2.2
Bahawalpur,4,19,2,1,0,3,0,0,0,10,1519,2685,26.85,5.5,14,825000,40275,52357,1.7
Abbottabad,6,10,1,3,2,1,2,0,3,12,808,10950,131.4,36.5,92,5475000,197099,256229,2.3
Faisalabad,5,16,3,1,2,4,1,1,3,8,746,8815,70.52,17.3,44,2595000,105780,137514,2.0
Sukkur,1,4,1,1,2,1,1,0,1,6,827,6585,39.51,8.0,20,1200000,59265,77044,1.7
Hyderabad,9,10,1,0,0,3,0,1,1,6,1525,2225,13.35,3.1,8,465000,20025,26032,1.9
Lahore,1,11,3,0,0,3,0,0,2,16,1174,1390,22.24,5.6,14,840000,33360,43368,2.1
Sialkot,8,8,3,3,1,3,0,1,0,7,1928,8720,61.04,15.6,39,2340000,91560,119028,2.1
Sukkur,9,5,3,2,1,2,0,1,3,13,1456,7750,100.75,20.3,51,3045000,151125,196462,1.7
Lahore,9,8,2,0,1,3,2,0,2,6,1462,4795,28.77,7.2,18,1080000,43155,56101,2.1
Quetta,1,9,3,2,1,4,0,1,0,16,968,6810,108.96,21.0,53,3150000,163440,212472,1.6
Abbottabad,2,15,3,3,1,2,2,0,2,17,1816,8925,151.73,42.1,106,6315000,227587,295863,2.3
Quetta,1,5,3,0,0,1,0,0,0,10,1146,700,7.0,1.3,4,195000,10500,13650,1.5
Peshawar,2,17,1,2,0,4,1,1,0,14,369,5205,72.87,17.5,44,2625000,109305,142096,2.0
Islamabad,8,9,1,0,2,4,1,0,3,17,1115,6385,108.54,28.3,71,4245000,162817,211662,2.2
Faisalabad,5,9,2,3,2,1,0,0,0,14,1338,9410,131.74,32.3,81,4845000,197610,256893,2.0
Abbottabad,7,4,1,3,2,2,0,1,1,7,1535,10385,72.69,20.2,51,3030000,109042,141755,2.3
Karachi,2,17,2,0,2,4,2,0,3,12,1383,6705,80.46,18.3,46,2745000,120690,156897,1.9
Peshawar,8,4,1,2,0,4,0,0,1,16,1575,4410,70.56,17.0,43,2550000,105840,137592,2.0
Multan,6,17,3,1,0,4,0,1,2,6,745,4205,25.23,5.3,14,795000,37845,49198,1.8
Karachi,8,14,1,1,0,2,0,0,2,8,1325,3060,24.48,5.6,14,840000,36720,47736,1.9
Swat,1,19,2,0,1,2,1,0,0,11,1659,3360,36.96,10.0,25,1500000,55440,72072,2.3
Rawalpindi,1,13,1,2,1,2,2,1,0,14,318,7370,103.18,26.9,68,4035000,154770,201201,2.2
Hyderabad,7,6,3,1,2,4,1,0,1,15,860,7665,114.98,26.6,67,3990000,172462,224201,1.9
Abbottabad,8,17,2,3,1,3,2,0,1,7,1401,9155,64.08,17.8,45,2670000,96127,124965,2.3
Multan,3,13,3,2,0,1,1,1,1,12,771,5420,65.04,13.5,34,2025000,97559,126827,1.7
Multan,5,13,3,1,2,3,0,0,2,9,327,7220,64.98,13.5,34,2025000,97470,126711,1.7
Peshawar,1,18,2,2,2,2,1,0,1,7,859,8545,59.82,14.4,36,2160000,89722,116639,2.0
Gujranwala,7,15,3,0,1,4,1,1,3,8,907,5450,43.6,10.9,28,1635000,65400,85020,2.1
Swat,5,6,3,2,2,4,2,1,3,11,1488,10665,117.32,31.9,80,4785000,175972,228764,2.3
Islamabad,8,7,1,1,1,3,2,0,2,15,757,6055,90.82,23.7,60,3555000,136237,177108,2.2
Abbottabad,8,5,3,0,1,3,1,0,1,14,1244,4125,57.75,16.0,40,2400000,86625,112612,2.3
Gujranwala,9,12,3,2,2,1,2,1,1,13,1499,10355,134.62,33.7,85,5055000,201922,262499,2.1
Peshawar,7,13,3,3,1,4,2,0,0,15,1908,9070,136.05,32.7,82,4905000,204075,265297,2.0
Rawalpindi,1,15,3,1,1,3,2,0,3,16,1283,6150,98.4,25.6,64,3840000,147600,191880,2.2
Sialkot,3,14,2,0,1,1,2,0,2,14,1167,4235,59.29,15.1,38,2265000,88935,115615,2.1
Sukkur,8,17,1,2,1,2,2,1,1,9,1315,8155,73.4,14.8,37,2220000,110092,143120,1.7
Sukkur,3,10,3,3,2,3,1,0,0,17,328,10125,172.12,34.7,87,5205000,258187,335643,1.7
Islamabad,8,10,3,1,0,2,2,0,2,9,968,4300,38.7,10.1,26,1515000,58049,75464,2.2
Rawalpindi,1,18,2,3,0,1,0,1,2,14,1125,6395,89.53,23.3,59,3495000,134295,174583,2.2
Bahawalpur,5,9,3,2,1,2,1,1,3,13,1115,8010,104.13,21.3,54,3195000,156194,203053,1.7
Islamabad,4,18,2,2,1,4,1,1,1,17,578,7720,131.24,34.2,86,5130000,196860,255918,2.2
Abbottabad,5,6,1,0,1,4,1,0,2,7,582,3915,27.4,7.6,19,1140000,41107,53439,2.3
Abbottabad,8,9,1,3,0,2,2,0,0,13,1802,6585,85.6,23.8,60,3570000,128407,166929,2.3
Lahore,4,18,3,0,1,4,0,1,0,6,1302,4170,25.02,6.3,16,945000,37530,48789,2.1
Gujranwala,4,17,3,1,2,1,2,0,2,14,1842,8005,112.07,28.0,70,4200000,168105,218536,2.1
Bahawalpur,3,15,3,0,2,4,1,0,0,14,604,5800,81.2,16.6,42,2490000,121800,158340,1.7
Sukkur,7,11,2,1,2,2,1,0,2,13,993,7590,98.67,19.9,50,2985000,148005,192406,1.7
Multan,3,11,3,2,0,2,1,0,0,16,408,4540,72.64,15.1,38,2265000,108959,141648,1.7
Gujranwala,3,14,3,2,1,2,1,1,2,10,623,7735,77.35,19.3,49,2895000,116025,150832,2.1
Faisalabad,5,16,1,3,1,3,2,1,2,10,1529,9715,97.15,23.8,60,3570000,145725,189442,2.0
Abbottabad,5,12,3,1,1,2,0,0,2,8,1557,5105,40.84,11.3,29,1695000,61260,79638,2.3
Swat,6,18,1,2,0,1,0,1,0,10,757,4720,47.2,12.8,32,1920000,70799,92039,2.3
Hyderabad,8,4,3,3,0,4,1,0,2,9,1510,6910,62.19,14.4,36,2160000,93284,121270,1.9
Rawalpindi,6,17,1,3,0,4,0,0,3,6,781,6355,38.13,9.9,25,1485000,57195,74353,2.2
Karachi,1,4,3,0,0,3,1,1,2,14,1221,2535,35.49,8.1,21,1215000,53235,69205,1.9
Islamabad,8,6,1,3,2,3,1,1,1,15,1730,11090,166.35,43.3,109,6495000,249525,324382,2.2
Abbottabad,8,6,2,2,0,1,0,0,1,9,1832,4290,38.61,10.7,27,1605000,57915,75289,2.3
Gujranwala,9,13,1,0,0,2,1,0,3,8,819,2320,18.56,4.6,12,690000,27839,36192,2.1
Bahawalpur,9,11,1,1,0,3,0,0,2,11,1376,3190,35.09,7.2,18,1080000,52634,68425,1.7
Hyderabad,2,18,1,1,1,4,1,0,1,6,1721,5170,31.02,7.2,18,1080000,46530,60489,1.9
Swat,2,13,3,2,1,3,0,1,2,10,1522,7245,72.45,19.7,50,2955000,108675,141277,2.3
Gujranwala,3,4,3,2,1,3,1,1,1,12,690,7485,89.82,22.5,57,3375000,134730,175149,2.1
Karachi,1,16,3,0,2,2,0,0,0,7,1972,4965,34.75,7.9,20,1185000,52132,67772,1.9
Hyderabad,4,5,2,0,2,3,1,0,0,15,1070,5475,82.12,19.0,48,2850000,123187,160143,1.9
Faisalabad,4,5,2,2,0,1,1,1,3,14,1212,5625,78.75,19.3,49,2895000,118125,153562,2.0
Karachi,9,6,1,2,1,4,1,0,3,17,1821,7415,126.06,28.6,72,4290000,189082,245807,1.9
Peshawar,9,16,2,1,2,2,0,1,2,11,1495,8065,88.71,21.3,54,3195000,133072,172994,2.0
Quetta,9,9,1,1,1,4,2,0,3,7,385,6460,45.22,8.7,22,1305000,67830,88179,1.6
Peshawar,7,4,1,1,2,1,1,1,2,13,857,7985,103.8,25.0,63,3750000,155707,202419,2.0
Sukkur,2,5,1,2,2,1,1,0,0,13,1157,7975,103.68,20.9,53,3135000,155512,202166,1.7
Gujranwala,5,16,2,3,0,3,0,0,0,6,1509,5715,34.29,8.6,22,1290000,51435,66865,2.1
Abbottabad,4,19,3,2,0,3,1,0,1,17,1479,5035,85.6,23.8,60,3570000,128392,166910,2.3
Abbottabad,8,18,2,2,2,3,1,1,2,6,1816,10120,60.72,16.9,43,2535000,91080,118404,2.3
Abbottabad,2,16,1,1,0,4,1,1,0,6,1844,3690,22.14,6.2,16,930000,33210,43173,2.3
Swat,6,19,1,2,2,1,1,0,0,17,1950,8485,144.24,39.2,98,5880000,216367,281277,2.3
Quetta,5,4,2,0,2,2,2,0,2,9,965,6335,57.02,11.0,28,1650000,85522,111179,1.6
Peshawar,2,8,1,2,1,3,2,0,1,9,1453,6920,62.28,15.0,38,2250000,93420,121446,2.0
Quetta,1,19,1,2,0,4,1,0,1,13,1142,4610,59.93,11.5,29,1725000,89895,116863,1.6
Sialkot,8,16,2,2,0,3,1,1,1,6,1404,5890,35.34,9.0,23,1350000,53009,68913,2.1
Gujranwala,2,16,2,2,0,1,1,1,1,15,1707,5240,78.6,19.7,50,2955000,117900,153270,2.1
Quetta,7,10,2,3,1,2,2,1,0,8,1982,9425,75.4,14.5,37,2175000,113100,147030,1.6
Multan,9,19,1,2,1,1,2,0,2,16,594,7610,121.76,25.4,64,3810000,182640,237432,1.7
Islamabad,9,11,1,0,1,4,0,0,2,6,568,3790,22.74,5.9,15,885000,34110,44343,2.2
Islamabad,8,13,3,0,0,3,0,1,0,14,944,2295,32.13,8.4,21,1260000,48194,62653,2.2
Multan,9,4,3,2,0,1,1,0,0,15,1885,4785,71.78,15.0,38,2250000,107662,139961,1.7
Hyderabad,2,10,2,1,0,4,1,1,0,17,834,3750,63.75,14.8,37,2220000,95625,124312,1.9
Lahore,6,16,3,3,1,3,2,1,3,14,1701,10290,144.06,36.0,90,5400000,216090,280917,2.1
Swat,4,8,1,2,1,2,1,1,2,12,1699,7420,89.04,24.2,61,3630000,133560,173628,2.3
Hyderabad,4,13,3,2,2,1,1,1,2,17,387,9695,164.82,38.2,96,5730000,247222,321389,1.9
Karachi,5,4,1,2,1,3,2,0,2,13,1224,7285,94.7,21.5,54,3225000,142057,184674,1.9
Bahawalpur,3,6,2,1,2,3,2,1,1,6,1947,8365,50.19,10.3,26,1545000,75284,97870,1.7
Swat,1,10,2,1,0,3,2,0,0,10,410,3325,33.25,9.0,23,1350000,49875,64837,2.3
Swat,8,13,1,1,1,3,2,1,0,7,883,6495,45.46,12.4,31,1860000,68197,88656,2.3
Karachi,5,4,3,3,0,1,0,1,0,6,1477,6235,37.41,8.5,22,1275000,56115,72949,1.9
Quetta,3,10,2,0,0,3,2,1,3,8,1786,3325,26.6,5.1,13,765000,39900,51870,1.6
Peshawar,7,8,2,3,0,4,2,1,2,12,1892,7995,95.94,23.1,58,3465000,143910,187083,2.0
Peshawar,7,4,3,1,0,1,1,0,0,6,1068,3135,18.81,4.5,12,675000,28214,36679,2.0
Islamabad,1,4,3,0,1,3,1,0,3,16,1479,3985,63.76,16.6,42,2490000,95640,124332,2.2
Rawalpindi,9,17,1,0,0,1,1,0,0,7,1948,1680,11.76,3.1,8,465000,17640,22932,2.2
Hyderabad,2,4,3,1,2,4,0,0,1,7,1641,6760,47.32,11.0,28,1650000,70980,92274,1.9
Sialkot,5,14,3,1,1,4,2,1,2,9,1882,7085,63.76,16.3,41,2445000,95647,124341,2.1
Gujranwala,5,12,3,3,0,1,2,0,3,17,537,7205,122.48,30.6,77,4590000,183727,238845,2.1
Sukkur,8,14,1,1,1,3,0,0,0,8,633,4760,38.08,7.7,20,1155000,57119,74256,1.7
Faisalabad,8,16,1,0,2,3,2,1,2,8,405,7440,59.52,14.6,37,2190000,89280,116064,2.0
Peshawar,7,6,2,2,0,4,1,0,3,15,1805,5415,81.22,19.5,49,2925000,121837,158388,2.0
Gujranwala,7,18,1,1,2,3,0,0,2,10,1994,7145,71.45,17.9,45,2685000,107174,139327,2.1
Faisalabad,6,16,2,1,0,4,2,0,2,8,681,4290,34.32,8.4,21,1260000,51479,66924,2.0
Gujranwala,6,8,3,3,2,3,0,0,1,16,988,10020,160.32,40.1,101,6015000,240479,312624,2.1
Quetta,9,14,2,3,0,4,0,1,2,12,560,7235,86.82,16.7,42,2505000,130230,169299,1.6
Faisalabad,6,19,2,1,1,2,2,1,3,10,1616,7085,70.85,17.4,44,2610000,106275,138157,2.0
Sukkur,2,13,3,0,0,3,1,0,2,9,1658,1995,17.96,3.6,9,540000,26932,35012,1.7
Gujranwala,2,15,2,0,1,3,2,1,3,17,954,5325,90.52,22.6,57,3390000,135787,176523,2.1
Multan,5,19,1,2,0,3,2,0,2,8,1119,5510,44.08,9.2,23,1380000,66120,85956,1.7
Sukkur,4,12,1,1,0,1,1,0,0,17,1008,2730,46.41,9.4,24,1410000,69615,90499,1.7
Faisalabad,2,9,1,3,2,3,2,0,1,9,775,10435,93.92,23.0,58,3450000,140872,183134,2.0
Sukkur,3,15,1,0,2,1,2,1,0,17,1548,6450,109.65,22.1,56,3315000,164475,213817,1.7
Gujranwala,7,12,2,2,2,1,2,1,1,7,1206,10055,70.38,17.6,44,2640000,105577,137250,2.1
Lahore,8,11,2,1,0,4,0,1,3,6,854,4315,25.89,6.5,17,975000,38835,50485,2.1
Gujranwala,6,11,3,0,0,1,0,1,1,8,1777,2115,16.92,4.2,11,630000,25380,32994,2.1
Gujranwala,5,4,2,1,0,1,0,1,2,16,962,3485,55.76,13.9,35,2085000,83640,108732,2.1
Quetta,1,16,2,1,1,2,2,1,2,7,1619,6465,45.26,8.7,22,1305000,67882,88247,1.6
Hyderabad,8,12,2,0,1,3,1,0,0,6,874,3880,23.28,5.4,14,810000,34920,45396,1.9
Multan,3,9,3,0,0,1,0,1,1,6,941,1860,11.16,2.3,6,345000,16740,21762,1.7
Sialkot,6,19,1,0,2,3,1,0,3,7,762,6285,44.0,11.2,28,1680000,65992,85790,2.1
Peshawar,3,12,2,1,2,1,2,0,3,14,1154,7905,110.67,26.6,67,3990000,166005,215806,2.0
Swat,7,6,3,1,2,4,0,1,2,10,1537,8115,81.15,22.1,56,3315000,121725,158242,2.3
Karachi,7,15,3,2,0,2,2,0,3,14,884,6000,84.0,19.1,48,2865000,126000,163800,1.9
Hyderabad,9,6,3,3,2,1,1,0,2,13,1242,10715,139.29,32.2,81,4830000,208942,271625,1.9
Karachi,5,9,1,1,0,3,0,0,2,16,915,2860,45.76,10.4,26,1560000,68640,89232,1.9
Quetta,8,12,2,3,1,4,0,1,2,11,457,9130,100.43,19.3,49,2895000,150645,195838,1.6
Multan,8,10,3,0,2,3,0,1,0,6,571,6250,37.5,7.8,20,1170000,56250,73125,1.7
Abbottabad,1,17,1,1,1,4,0,0,0,15,1561,4380,65.7,18.2,46,2730000,98550,128115,2.3
Gujranwala,5,16,3,2,2,2,1,1,2,10,1626,9915,99.15,24.8,62,3720000,148724,193342,2.1
Abbottabad,3,6,3,2,0,4,0,0,2,17,969,4565,77.6,21.6,54,3240000,116407,151329,2.3
Abbottabad,1,6,3,3,0,3,2,1,2,6,920,7565,45.39,12.6,32,1890000,68085,88510,2.3
Bahawalpur,4,5,3,0,0,3,0,0,3,12,820,1725,20.7,4.2,11,630000,31050,40365,1.7
Islamabad,8,12,3,3,0,1,1,0,2,15,1644,6730,100.95,26.3,66,3945000,151425,196852,2.2
Abbottabad,3,16,1,0,2,4,0,1,2,16,358,6165,98.64,27.4,69,4110000,147960,192348,2.3
Peshawar,2,18,2,2,1,3,1,1,1,13,1681,7470,97.11,23.3,59,3495000,145665,189364,2.0
Lahore,9,6,2,3,0,1,1,1,1,13,1003,7115,92.5,23.1,58,3465000,138742,180365,2.1
Islamabad,5,14,2,2,2,2,2,1,1,12,947,10035,120.42,31.4,79,4710000,180630,234819,2.2
Quetta,7,8,2,2,1,3,0,1,1,7,1574,7195,50.36,9.7,25,1455000,75547,98211,1.6
Swat,2,17,1,0,0,1,0,0,2,10,1190,1055,10.55,2.9,8,435000,15824,20572,2.3
Hyderabad,9,17,1,3,1,3,0,0,1,9,735,8080,72.72,16.8,42,2520000,109080,141804,1.9
Lahore,9,12,1,3,0,4,2,0,3,10,445,7505,75.05,18.8,47,2820000,112575,146347,2.1
Sukkur,4,11,3,2,1,1,2,1,3,15,1158,8365,125.48,25.3,64,3795000,188212,244676,1.7
Faisalabad,4,5,3,2,1,4,1,1,1,14,1277,7675,107.45,26.3,66,3945000,161175,209527,2.0
Bahawalpur,6,6,3,0,0,2,1,0,0,9,1675,1690,15.21,3.1,8,465000,22814,29659,1.7
Lahore,6,19,2,1,2,4,1,0,3,17,1893,8035,136.6,34.1,86,5115000,204892,266360,2.1
Sialkot,1,19,3,1,1,1,2,0,3,13,544,6010,78.13,19.9,50,2985000,117194,152353,2.1
Abbottabad,9,5,2,2,0,3,2,0,1,13,1883,5550,72.15,20.0,50,3000000,108224,140692,2.3
Quetta,2,19,3,1,1,1,2,1,1,7,600,6435,45.04,8.7,22,1305000,67567,87837,1.6
Rawalpindi,5,11,2,1,1,4,1,0,2,11,737,5640,62.04,16.2,41,2430000,93060,120978,2.2
Faisalabad,9,9,3,1,2,4,2,1,3,10,1167,9510,95.1,23.3,59,3495000,142650,185445,2.0
Karachi,4,9,3,1,1,3,1,0,1,7,399,5385,37.7,8.6,22,1290000,56542,73505,1.9
Peshawar,3,15,1,2,1,2,1,1,1,17,1024,7250,123.25,29.6,74,4440000,184875,240337,2.0
Karachi,7,18,3,1,0,1,0,1,2,15,1113,3995,59.92,13.6,34,2040000,89887,116853,1.9
Lahore,6,12,3,1,0,3,0,1,3,9,779,4230,38.07,9.5,24,1425000,57105,74236,2.1
Swat,8,11,1,0,2,3,0,1,1,12,714,6165,73.98,20.1,51,3015000,110970,144261,2.3
Karachi,3,7,2,2,1,3,1,0,2,6,464,6830,40.98,9.3,24,1395000,61470,79911,1.9
Sialkot,5,18,1,3,1,1,0,0,1,14,1961,7595,106.33,27.1,68,4065000,159495,207343,2.1
Quetta,4,15,1,3,1,1,0,0,0,15,1625,7275,109.12,21.0,53,3150000,163687,212793,1.6
Sukkur,4,7,2,0,2,1,0,1,0,17,1273,5555,94.44,19.0,48,2850000,141652,184148,1.7
Swat,4,12,3,0,1,2,2,0,1,6,1444,4330,25.98,7.1,18,1065000,38970,50661,2.3
Hyderabad,8,4,2,2,0,3,1,0,3,17,387,5360,91.12,21.1,53,3165000,136680,177684,1.9
Peshawar,6,16,3,3,2,4,0,0,0,10,1540,10040,100.4,24.1,61,3615000,150599,195779,2.0
Sialkot,3,5,3,1,0,4,2,1,2,12,872,4800,57.6,14.7,37,2205000,86399,112319,2.1
Sialkot,5,5,2,0,0,3,2,1,1,13,1113,3000,39.0,9.9,25,1485000,58500,76050,2.1
Karachi,6,16,1,3,2,4,2,1,2,7,478,11890,83.23,18.9,48,2835000,124845,162298,1.9
Abbottabad,5,16,2,2,0,2,0,0,0,9,462,4115,37.04,10.3,26,1545000,55552,72218,2.3
Karachi,6,9,3,1,1,2,2,0,3,7,892,6335,44.34,10.1,26,1515000,66517,86472,1.9
Lahore,8,18,2,2,2,1,1,0,2,9,1305,9170,82.53,20.6,52,3090000,123795,160933,2.1
Hyderabad,7,7,2,0,0,1,2,1,0,11,1493,2780,30.58,7.1,18,1065000,45870,59631,1.9
Islamabad,5,19,3,3,1,1,2,0,0,11,600,8710,95.81,25.0,63,3750000,143715,186829,2.2
Swat,6,16,1,3,1,1,2,1,0,17,673,9190,156.23,42.5,107,6375000,234344,304648,2.3
Karachi,4,14,2,3,0,1,2,1,2,7,1007,7560,52.92,12.0,30,1800000,79380,103194,1.9
Quetta,9,13,3,3,1,4,1,1,0,16,502,9470,151.52,29.1,73,4365000,227280,295464,1.6
Rawalpindi,4,16,3,1,2,4,0,1,1,9,346,7840,70.56,18.4,46,2760000,105840,137592,2.2
Peshawar,1,6,2,1,0,1,1,0,0,9,762,2565,23.08,5.5,14,825000,34627,45015,2.0
Gujranwala,7,6,1,2,1,2,1,0,1,6,1993,6665,39.99,10.0,25,1500000,59985,77980,2.1
Karachi,7,6,2,1,1,4,0,1,3,7,707,6165,43.16,9.8,25,1470000,64732,84152,1.9
Quetta,4,9,1,0,0,2,2,0,1,8,1517,1985,15.88,3.1,8,465000,23820,30966,1.6
Swat,3,17,1,0,0,2,0,1,3,16,726,2180,34.88,9.5,24,1425000,52320,68016,2.3
Quetta,8,19,1,3,0,3,0,0,3,10,1229,6435,64.35,12.4,31,1860000,96524,125482,1.6
Peshawar,5,11,1,0,0,3,1,0,1,16,616,1690,27.04,6.5,17,975000,40560,52728,2.0
Islamabad,7,14,2,2,2,1,0,1,3,13,1802,9485,123.3,32.1,81,4815000,184957,240444,2.2
Quetta,4,10,3,1,0,2,2,1,1,11,720,4550,50.05,9.6,24,1440000,75075,97597,1.6
Rawalpindi,4,17,3,1,2,4,1,1,2,8,1592,8555,68.44,17.8,45,2670000,102659,133458,2.2
Quetta,8,7,3,1,2,3,2,1,3,11,1804,9305,102.35,19.7,50,2955000,153532,199592,1.6
Quetta,8,14,3,0,0,3,1,0,1,12,562,2260,27.12,5.2,13,780000,40679,52883,1.6
Quetta,2,15,3,1,2,2,2,1,3,11,1749,8875,97.62,18.8,47,2820000,146437,190368,1.6
Sukkur,2,7,3,3,0,3,0,0,0,15,465,5505,82.58,16.6,42,2490000,123862,161021,1.7
Sukkur,3,14,2,3,0,3,0,1,1,11,727,6485,71.34,14.4,36,2160000,107002,139103,1.7
Islamabad,3,13,1,3,1,4,0,0,0,6,696,7470,44.82,11.7,30,1755000,67230,87399,2.2
Karachi,1,18,3,0,0,2,2,1,3,8,1539,3345,26.76,6.1,16,915000,40140,52182,1.9
Quetta,3,14,2,1,1,3,1,0,3,12,1095,5635,67.62,13.0,33,1950000,101430,131859,1.6
Bahawalpur,6,19,3,0,2,2,1,0,2,9,406,6285,56.56,11.6,29,1740000,84847,110301,1.7
Hyderabad,8,14,3,1,1,3,1,0,1,17,397,5760,97.92,22.7,57,3405000,146880,190944,1.9
Bahawalpur,6,17,1,2,2,4,0,1,0,9,1805,9005,81.04,16.6,42,2490000,121567,158037,1.7
Karachi,5,14,1,2,0,2,2,1,2,12,1822,6085,73.02,16.6,42,2490000,109530,142389,1.9
Islamabad,4,5,1,0,2,3,1,1,3,14,1553,6675,93.45,24.3,61,3645000,140175,182227,2.2
Abbottabad,3,17,3,3,2,4,2,1,3,16,1580,12180,194.88,54.1,136,8115000,292320,380016,2.3
Abbottabad,4,19,3,0,0,3,1,0,2,7,342,2235,15.64,4.3,11,645000,23467,30507,2.3
Multan,7,4,3,3,2,2,0,0,0,14,541,9735,136.29,28.4,71,4260000,204435,265765,1.7
Bahawalpur,1,12,1,1,0,3,2,0,3,8,1877,3805,30.44,6.2,16,930000,45660,59358,1.7
Karachi,7,15,2,3,1,2,1,1,3,11,394,9600,105.6,24.0,60,3600000,158400,205920,1.9
Karachi,1,18,3,3,0,2,1,0,1,9,487,6195,55.76,12.7,32,1905000,83632,108722,1.9
Faisalabad,2,15,3,1,0,3,1,0,2,6,684,3525,21.15,5.2,13,780000,31725,41242,2.0
Lahore,4,5,3,2,2,4,1,1,3,14,1118,10075,141.05,35.3,89,5295000,211574,275047,2.1
Gujranwala,1,16,2,1,1,1,0,1,0,16,1723,4965,79.44,19.9,50,2985000,119159,154908,2.1
Swat,9,11,3,0,0,4,1,0,1,11,1829,2390,26.29,7.1,18,1065000,39435,51265,2.3
Faisalabad,6,18,2,0,1,4,1,1,2,13,1490,5070,65.91,16.2,41,2430000,98865,128524,2.0
Rawalpindi,1,19,3,0,1,3,0,1,0,7,1448,3860,27.02,7.0,18,1050000,40530,52689,2.2
Sukkur,1,12,2,0,2,4,1,1,3,12,1996,6805,81.66,16.5,42,2475000,122489,159237,1.7
Sukkur,6,7,3,0,0,4,2,1,2,11,386,3555,39.11,7.9,20,1185000,58657,76254,1.7
Lahore,4,11,1,2,2,1,2,0,2,7,788,9115,63.8,16.0,40,2400000,95707,124419,2.1
Peshawar,4,12,1,2,0,4,1,0,0,7,525,4530,31.71,7.6,19,1140000,47565,61834,2.0
Peshawar,6,13,1,3,1,1,0,0,2,9,1980,7795,70.16,16.9,43,2535000,105232,136802,2.0
Islamabad,7,13,1,0,0,3,0,0,0,9,644,1170,10.53,2.7,7,405000,15794,20533,2.1
Sialkot,9,8,3,1,0,1,0,0,3,8,817,3445,27.56,7.0,18,1050000,41340,53742,2.1
Lahore,5,19,1,0,1,2,1,1,1,13,1354,4460,57.98,14.5,37,2175000,86970,113061,2.1
Gujranwala,9,16,2,2,1,2,1,0,0,12,595,6915,82.98,20.7,52,3105000,124470,161811,2.1
Karachi,4,17,1,0,0,1,2,0,1,7,713,2005,14.04,3.2,8,480000,21052,27368,1.9
Peshawar,2,10,1,2,2,2,0,1,2,8,434,8800,70.4,16.9,43,2535000,105600,137280,2.0
Gujranwala,3,19,1,3,0,3,1,1,0,15,824,6710,100.65,25.2,63,3780000,150975,196267,2.1
Quetta,1,13,3,3,1,2,1,1,3,14,1308,9270,129.78,25.0,63,3750000,194670,253071,1.6
Bahawalpur,6,7,1,3,2,1,1,0,0,10,303,9805,98.05,20.1,51,3015000,147075,191197,1.7
Bahawalpur,6,4,2,2,1,3,0,1,0,7,477,6860,48.02,9.8,25,1470000,72030,93639,1.7
Sialkot,1,6,1,0,1,2,0,1,0,8,1045,3265,26.12,6.7,17,1005000,39180,50934,2.1
Hyderabad,3,8,1,0,2,3,2,1,1,13,558,6745,87.68,20.3,51,3045000,131527,170985,1.9
Karachi,5,6,1,1,1,1,0,0,1,9,951,4415,39.74,9.0,23,1350000,59602,77483,1.9
Swat,3,19,2,2,1,2,1,1,2,7,1388,7660,53.62,14.6,37,2190000,80430,104559,2.3
Swat,3,15,1,1,1,3,2,1,2,7,1686,6550,45.85,12.5,32,1875000,68775,89407,2.3
Rawalpindi,3,16,2,3,1,3,0,0,2,11,1340,7965,87.62,22.8,57,3420000,131422,170849,2.2
Swat,5,14,2,0,1,2,0,1,2,13,1523,4235,55.06,15.0,38,2250000,82582,107357,2.3
Quetta,5,10,1,2,1,3,0,0,0,12,843,5975,71.7,13.8,35,2070000,107549,139814,1.6
Quetta,4,15,2,1,1,3,0,0,1,9,1535,4825,43.42,8.4,21,1260000,65137,84678,1.6
Bahawalpur,1,12,3,1,1,1,1,1,1,7,734,5755,40.28,8.3,21,1245000,60427,78555,1.7
Lahore,5,18,1,1,1,1,0,0,1,14,1596,4595,64.33,16.1,41,2415000,96495,125443,2.1
Sialkot,5,15,1,0,0,1,1,1,1,9,589,2300,20.7,5.3,14,795000,31050,40365,2.1
Islamabad,4,9,2,0,0,1,1,1,2,14,1102,2485,34.79,9.1,23,1365000,52185,67840,2.2
Rawalpindi,6,16,2,0,1,1,1,1,0,10,782,4340,43.4,11.3,29,1695000,65100,84630,2.2
Peshawar,4,13,1,2,0,1,2,1,1,17,533,5695,96.82,23.3,59,3495000,145222,188789,2.0
Gujranwala,7,4,3,0,2,2,1,0,3,17,707,6335,107.7,26.9,68,4035000,161542,210005,2.1
Lahore,7,19,2,2,0,1,0,1,0,16,993,4960,79.36,19.8,50,2970000,119040,154752,2.1
Peshawar,2,10,2,1,1,3,2,1,3,16,1469,6750,108.0,26.0,65,3900000,162000,210600,2.0
Lahore,3,18,3,1,1,2,0,1,0,12,861,5395,64.74,16.2,41,2430000,97109,126242,2.1
Lahore,1,6,3,3,0,3,1,0,0,17,729,5915,100.56,25.1,63,3765000,150832,196082,2.1
Lahore,8,8,1,0,1,1,0,0,0,10,731,2970,29.7,7.4,19,1110000,44550,57915,2.1
Bahawalpur,9,19,3,1,2,1,2,1,3,7,1938,9360,65.52,13.4,34,2010000,98280,127764,1.7
Swat,4,13,1,0,2,3,2,0,1,11,1868,6145,67.6,18.4,46,2760000,101392,131810,2.3
Sialkot,6,7,3,2,1,3,0,0,1,12,796,6505,78.06,19.9,50,2985000,117090,152217,2.1
Islamabad,9,13,2,1,2,3,0,1,3,16,1282,8320,133.12,34.7,87,5205000,199680,259584,2.2
Swat,6,8,1,0,2,4,0,1,1,11,1412,6070,66.77,18.1,46,2715000,100155,130201,2.3
Lahore,9,8,1,1,0,4,2,1,2,8,1296,4995,39.96,10.0,25,1500000,59940,77922,2.1
Multan,4,9,1,1,2,4,1,1,1,15,1734,7935,119.02,24.8,62,3720000,178537,232098,1.7
Hyderabad,8,17,3,0,0,4,0,1,2,13,1196,2855,37.12,8.6,22,1290000,55672,72374,1.9
Peshawar,9,13,2,1,1,2,1,0,2,8,1126,5770,46.16,11.1,28,1665000,69240,90012,2.0
Karachi,4,15,1,1,0,1,2,1,2,10,1564,4425,44.25,10.1,26,1515000,66375,86287,1.9
Faisalabad,5,13,1,1,1,3,0,1,3,14,1077,5870,82.18,20.1,51,3015000,123270,160251,2.0
Swat,8,16,1,1,1,1,0,1,1,16,522,5540,88.64,24.1,61,3615000,132960,172848,2.3
Gujranwala,6,16,1,2,1,3,2,1,1,10,1988,8090,80.9,20.2,51,3030000,121350,157755,2.1
Bahawalpur,7,14,2,1,1,1,0,1,3,12,767,5985,71.82,14.7,37,2205000,107730,140049,1.7
Rawalpindi,3,9,3,3,1,2,1,0,3,16,868,8610,137.76,35.9,90,5385000,206639,268632,2.2
Sukkur,7,19,2,1,0,4,2,1,1,12,1645,4960,59.52,12.0,30,1800000,89280,116064,1.7
Islamabad,8,11,1,0,1,1,2,0,3,10,674,4615,46.15,12.0,30,1800000,69225,89992,2.2
Karachi,6,11,2,3,2,3,0,1,3,7,1435,11065,77.46,17.6,44,2640000,116182,151037,1.9
Quetta,9,14,1,2,2,1,2,1,2,10,826,10285,102.85,19.8,50,2970000,154275,200557,1.6
Abbottabad,6,12,3,3,1,2,0,1,3,12,711,9130,109.56,30.4,76,4560000,164340,213642,2.3
Multan,9,11,3,3,2,2,0,0,2,12,568,10390,124.68,26.0,65,3900000,187020,243126,1.7
Sukkur,4,16,3,3,0,1,2,1,0,9,925,7340,66.06,13.3,34,1995000,99090,128817,1.7
Faisalabad,8,14,1,0,0,4,0,1,2,6,1575,2510,15.06,3.7,10,555000,22589,29366,2.0
Karachi,4,5,2,0,1,3,1,1,2,11,1311,4625,50.88,11.6,29,1740000,76312,99206,1.9
Sukkur,2,17,3,0,1,2,1,1,3,8,1697,4905,39.24,7.9,20,1185000,58860,76518,1.7
Karachi,9,17,1,2,1,2,0,1,1,16,1977,7230,115.68,26.3,66,3945000,173520,225576,1.9
Gujranwala,5,15,1,0,2,1,1,1,0,10,1949,6100,61.0,15.2,38,2280000,91500,118950,2.1
Multan,4,13,2,0,2,2,0,1,0,9,749,5745,51.7,10.8,27,1620000,77557,100824,1.7
Faisalabad,2,15,3,3,0,2,1,0,0,7,1101,6025,42.18,10.3,26,1545000,63262,82241,2.0
Quetta,1,14,1,0,2,3,2,1,1,17,1860,6685,113.64,21.9,55,3285000,170467,221607,1.6
Lahore,7,18,2,1,0,4,0,1,0,12,1691,3745,44.94,11.2,28,1680000,67409,87632,2.1
Peshawar,6,19,3,0,2,3,0,1,0,10,1121,6235,62.35,15.0,38,2250000,93525,121582,2.0
Quetta,2,4,2,2,0,4,0,0,1,12,554,4110,49.32,9.5,24,1425000,73980,96174,1.6
Lahore,8,13,2,2,1,3,0,0,0,14,1786,6395,89.53,22.4,56,3360000,134295,174583,2.1
Abbottabad,4,5,1,1,2,1,0,1,3,9,1591,7475,67.27,18.7,47,2805000,100912,131186,2.3
Bahawalpur,8,5,1,2,0,2,0,0,3,10,425,4625,46.25,9.5,24,1425000,69375,90187,1.7
Sialkot,7,15,1,2,2,4,2,1,2,14,1716,10450,146.3,37.3,94,5595000,219449,285284,2.1
Sialkot,5,6,2,3,1,1,2,1,2,15,1061,9515,142.73,36.4,91,5460000,214087,278313,2.1
Sialkot,8,13,1,1,0,2,1,0,2,16,1098,3545,56.72,14.5,37,2175000,85080,110604,2.1
Islamabad,9,10,2,3,2,2,0,1,3,9,1657,11175,100.58,26.2,66,3930000,150862,196121,2.2
Swat,5,5,2,3,2,2,1,0,3,10,864,10550,105.5,28.7,72,4305000,158250,205725,2.3
Hyderabad,5,17,1,0,1,3,1,0,3,10,1691,4180,41.8,9.7,25,1455000,62700,81510,1.9
Rawalpindi,2,19,3,1,1,1,2,0,2,13,1878,5885,76.5,19.9,50,2985000,114757,149184,2.2
Rawalpindi,5,4,3,0,0,1,1,1,2,9,1877,2635,23.71,6.2,16,930000,35572,46244,2.2
Swat,3,19,3,0,2,2,2,1,2,9,755,7310,65.79,17.9,45,2685000,98684,128290,2.3
Sialkot,7,17,2,3,2,4,1,1,2,12,1390,11630,139.56,35.6,89,5340000,209340,272142,2.1
Peshawar,5,9,2,2,1,1,0,1,2,16,1389,7060,112.96,27.2,68,4080000,169440,220272,2.0
Faisalabad,8,12,2,1,1,3,1,1,2,10,1211,6530,65.3,16.0,40,2400000,97950,127335,2.0
Multan,1,18,1,2,0,4,2,1,3,11,1918,6245,68.7,14.3,36,2145000,103042,133955,1.7
Faisalabad,3,6,2,3,2,4,2,1,1,11,1161,11465,126.12,30.9,78,4635000,189172,245924,2.0
Multan,3,9,1,3,2,4,2,0,1,17,916,10610,180.37,37.6,94,5640000,270555,351721,1.7
Faisalabad,9,6,1,3,0,4,1,1,2,11,699,7465,82.12,20.1,51,3015000,123172,160124,2.0
Hyderabad,5,17,3,3,0,1,1,1,1,15,586,7130,106.95,24.8,62,3720000,160425,208552,1.9
Islamabad,9,16,3,3,1,2,2,1,1,10,485,10015,100.15,26.1,66,3915000,150225,195292,2.2
Islamabad,9,4,3,3,1,4,0,0,3,10,583,8685,86.85,22.6,57,3390000,130275,169357,2.2
Sialkot,1,17,1,2,0,3,0,0,2,14,1839,4180,58.52,14.9,38,2235000,87780,114114,2.1
Abbottabad,2,16,1,0,0,3,1,0,2,13,949,1740,22.62,6.3,16,945000,33930,44109,2.3
Lahore,5,19,1,2,2,2,1,1,1,9,990,9460,85.14,21.3,54,3195000,127710,166023,2.1
Abbottabad,4,15,2,1,0,1,2,0,2,12,536,3825,45.9,12.8,32,1920000,68850,89505,2.3
Sukkur,9,8,1,2,0,2,1,0,2,13,1341,5045,65.58,13.2,33,1980000,98377,127890,1.7
Islamabad,7,13,3,3,2,4,1,1,2,17,1114,11720,199.24,51.9,130,7785000,298860,388518,2.2
Islamabad,6,17,3,2,0,1,2,1,2,14,1227,6405,89.67,23.4,59,3510000,134505,174856,2.2
Quetta,7,16,1,0,1,1,2,1,1,10,713,4965,49.65,9.5,24,1425000,74475,96817,1.6
Quetta,1,14,1,1,1,4,1,0,0,8,308,4835,38.68,7.4,19,1110000,58020,75426,1.6
Lahore,1,7,3,2,2,3,0,1,1,9,719,8880,79.92,20.0,50,3000000,119880,155844,2.1
Gujranwala,8,10,1,0,0,4,1,1,3,15,328,3150,47.25,11.8,30,1770000,70875,92137,2.1
Sukkur,2,9,3,2,1,2,0,1,0,11,1979,6685,73.54,14.8,37,2220000,110302,143393,1.7
Abbottabad,9,13,2,1,1,4,0,1,0,15,647,5820,87.3,24.3,61,3645000,130950,170235,2.3
Peshawar,7,10,3,2,1,3,0,1,0,16,960,7175,114.8,27.6,69,4140000,172200,223860,2.0
Quetta,6,8,2,3,1,4,2,1,1,10,875,9720,97.2,18.7,47,2805000,145800,189540,1.6
Peshawar,1,18,1,2,0,2,2,0,3,14,749,5295,74.13,17.8,45,2670000,111194,144553,2.0
Karachi,1,18,1,0,0,2,2,1,1,16,679,2645,42.32,9.6,24,1440000,63479,82524,1.9
Quetta,2,7,2,2,0,3,1,0,3,16,998,4955,79.28,15.2,38,2280000,118920,154596,1.6
Hyderabad,6,19,1,0,0,2,2,0,1,8,665,2285,18.28,4.2,11,630000,27420,35646,1.9
Gujranwala,6,10,2,1,1,2,2,1,1,7,1550,6550,45.85,11.5,29,1725000,68775,89407,2.1
Sukkur,2,10,1,2,2,4,1,0,1,11,1441,8550,94.05,19.0,48,2850000,141075,183397,1.7
Bahawalpur,1,9,3,1,2,1,1,0,0,12,711,6760,81.12,16.6,42,2490000,121680,158184,1.7
Lahore,5,11,1,1,1,2,0,0,1,10,1250,4590,45.9,11.5,29,1725000,68850,89505,2.1
Karachi,5,7,3,2,1,2,1,1,3,6,655,7980,47.88,10.9,28,1635000,71820,93366,1.9
Bahawalpur,2,13,3,0,2,3,1,0,3,8,553,6195,49.56,10.2,26,1530000,74340,96642,1.7
Sukkur,6,8,2,1,2,3,2,0,3,8,1866,8270,66.16,13.3,34,1995000,99240,129012,1.7
Abbottabad,9,7,1,1,1,4,0,0,0,17,1996,4830,82.11,22.8,57,3420000,123165,160114,2.3
Sialkot,2,15,2,2,1,4,0,0,1,9,1026,6275,56.48,14.4,36,2160000,84712,110126,2.1
Hyderabad,2,4,1,2,0,2,1,1,1,15,1767,5010,75.15,17.4,44,2610000,112724,146542,1.9
Sukkur,3,15,3,2,0,1,2,1,2,11,980,6150,67.65,13.6,34,2040000,101475,131917,1.7
Hyderabad,7,11,3,2,2,1,2,0,0,10,1404,9240,92.4,21.4,54,3210000,138600,180180,1.9
Swat,6,4,1,2,1,4,2,1,3,6,1369,8410,50.46,13.7,35,2055000,75690,98397,2.3
Hyderabad,8,8,1,3,2,3,2,1,3,11,1372,12020,132.22,30.6,77,4590000,198330,257829,1.9
Peshawar,8,18,2,2,0,2,1,0,1,14,1772,5070,70.98,17.1,43,2565000,106470,138411,2.0
Swat,6,9,1,0,0,2,2,1,3,16,1109,3285,52.56,14.3,36,2145000,78840,102492,2.3
Faisalabad,3,9,1,1,2,1,0,1,1,6,1730,7060,42.36,10.4,26,1560000,63540,82602,2.0
Bahawalpur,3,16,1,0,0,4,0,0,1,13,1606,1215,15.8,3.2,8,480000,23692,30800,1.7
Sialkot,1,8,2,0,1,1,1,0,2,13,772,3495,45.44,11.6,29,1740000,68152,88598,2.1
Swat,7,19,1,3,2,1,2,1,0,8,715,11310,90.48,24.6,62,3690000,135720,176436,2.3
Abbottabad,5,6,3,2,1,4,2,1,1,14,1278,8265,115.71,32.1,81,4815000,173565,225634,2.3
Karachi,4,18,2,1,1,3,2,1,1,16,899,6620,105.92,24.1,61,3615000,158880,206544,1.9
Sukkur,4,8,2,0,0,2,2,1,1,16,1444,2870,45.92,9.3,24,1395000,68880,89544,1.7
Multan,4,15,3,2,1,3,1,0,2,13,1326,7175,93.28,19.4,49,2910000,139912,181886,1.7
Karachi,6,11,3,2,2,4,2,0,1,8,1639,9665,77.32,17.6,44,2640000,115980,150774,1.9
Faisalabad,8,17,3,3,1,4,1,0,0,15,759,8705,130.57,32.0,80,4800000,195862,254621,2.0
Karachi,8,5,1,3,1,2,2,0,0,10,1550,8525,85.25,19.4,49,2910000,127875,166237,1.9
Islamabad,5,19,3,3,1,3,2,0,3,8,378,9510,76.08,19.8,50,2970000,114120,148356,2.2
Abbottabad,6,9,1,1,1,2,0,1,0,10,1980,5185,51.85,14.4,36,2160000,77774,101107,2.3
Multan,4,12,2,0,1,1,1,1,3,14,1867,4730,66.22,13.8,35,2070000,99330,129129,1.7
Swat,9,11,2,3,0,1,0,0,0,17,1074,5740,97.58,26.5,67,3975000,146370,190281,2.3
Swat,8,17,3,3,2,1,1,0,3,9,1394,11005,99.04,26.9,68,4035000,148567,193137,2.3
Swat,1,14,1,3,0,3,2,0,1,11,1195,6435,70.78,19.2,48,2880000,106177,138030,2.3
Faisalabad,2,11,3,0,2,1,2,1,2,8,1520,7015,56.12,13.8,35,2070000,84180,109434,2.0
Peshawar,9,11,3,0,2,2,1,1,2,8,357,7140,57.12,13.7,35,2055000,85680,111384,2.0
Bahawalpur,8,18,1,3,2,3,0,1,2,10,1747,10970,109.7,22.5,57,3375000,164550,213915,1.7
Sukkur,3,16,3,3,2,2,1,0,1,13,1792,10315,134.1,27.0,68,4050000,201142,261485,1.7
Gujranwala,8,10,2,2,2,4,1,0,2,13,923,9350,121.55,30.4,76,4560000,182325,237022,2.1
Rawalpindi,1,11,3,3,1,3,2,0,0,8,347,8490,67.92,17.7,45,2655000,101880,132444,2.2
Bahawalpur,4,16,1,1,0,2,0,0,3,13,1758,2990,38.87,8.0,20,1200000,58305,75796,1.7
Faisalabad,3,9,1,1,0,2,1,0,1,16,1508,2910,46.56,11.4,29,1710000,69840,90792,2.0
Lahore,6,5,2,3,1,3,0,1,2,13,1138,8775,114.08,28.5,72,4275000,171112,222446,2.1
Abbottabad,7,5,1,0,2,4,0,0,0,8,464,5150,41.2,11.4,29,1710000,61800,80340,2.3
Sukkur,4,11,1,2,0,3,1,1,0,15,1654,5165,77.47,15.6,39,2340000,116212,151076,1.7
Bahawalpur,7,14,2,0,1,1,0,1,1,15,629,4085,61.28,12.6,32,1890000,91912,119486,1.7
Sialkot,9,4,3,3,1,1,2,1,1,7,1444,9735,68.14,17.4,44,2610000,102217,132882,2.1
Faisalabad,2,9,2,1,0,4,2,1,2,15,512,4635,69.52,17.0,43,2550000,104287,135573,2.0
Islamabad,3,16,3,2,0,2,2,1,3,7,806,6465,45.26,11.8,30,1770000,67882,88247,2.2
Rawalpindi,5,19,2,0,2,2,2,0,2,14,1876,6560,91.84,23.9,60,3585000,137760,179088,2.2
Islamabad,3,9,3,0,2,2,0,0,2,12,1215,5410,64.92,16.9,43,2535000,97380,126594,2.2
Swat,8,19,2,3,0,3,2,0,1,11,1100,7185,79.04,21.5,54,3225000,118552,154118,2.3
Rawalpindi,8,14,3,2,2,3,1,1,2,12,467,10210,122.52,31.9,80,4785000,183780,238914,2.2
Bahawalpur,8,7,2,1,1,4,2,1,2,13,1294,7055,91.72,18.8,47,2820000,137572,178844,1.7
Sialkot,9,15,3,3,2,1,1,1,3,17,1869,11800,200.6,51.2,128,7680000,300900,391170,2.1
Swat,4,14,2,2,2,2,1,1,0,6,1129,9260,55.56,15.1,38,2265000,83340,108342,2.3
Gujranwala,5,16,1,0,1,1,2,1,0,13,1295,4615,60.0,15.0,38,2250000,89992,116990,2.1
Abbottabad,5,18,3,3,2,3,2,1,3,8,1286,12245,97.96,27.2,68,4080000,146940,191022,2.3
Lahore,8,14,2,0,1,3,0,0,0,8,1086,3410,27.28,6.8,17,1020000,40920,53196,2.1
Sukkur,7,19,3,0,2,3,1,1,2,11,726,7210,79.31,16.0,40,2400000,118965,154654,1.7
Peshawar,9,16,3,3,0,1,2,1,3,9,1544,8315,74.83,18.0,45,2700000,112252,145928,2.0
Islamabad,8,13,2,3,2,4,0,0,3,9,1315,10595,95.36,24.8,62,3720000,143032,185942,2.2
Islamabad,2,6,3,3,0,4,2,1,1,9,1333,7540,67.86,17.7,45,2655000,101790,132327,2.2
Swat,4,16,2,3,0,3,2,0,0,15,1443,6640,99.6,27.1,68,4065000,149400,194220,2.3
Hyderabad,6,14,1,3,0,2,2,0,1,14,1958,6710,93.94,21.7,55,3255000,140910,183183,1.9
Rawalpindi,2,6,3,0,0,1,1,0,2,13,1570,1690,21.97,5.7,15,855000,32954,42841,2.2
Quetta,7,18,1,1,0,3,2,1,3,8,1683,5095,40.76,7.8,20,1170000,61140,79482,1.6
Gujranwala,3,18,3,1,1,1,0,0,2,6,1544,4945,29.67,7.4,19,1110000,44505,57856,2.1
Sukkur,3,19,3,3,1,1,2,0,0,6,1072,8560,51.36,10.4,26,1560000,77040,100152,1.7
Rawalpindi,2,16,3,0,1,4,2,1,1,6,1829,5190,31.14,8.1,21,1215000,46710,60723,2.2
Hyderabad,8,16,2,1,0,3,0,0,0,9,1381,2940,26.46,6.1,16,915000,39690,51597,1.9
Karachi,6,4,1,1,2,4,0,1,2,11,1783,7710,84.81,19.3,49,2895000,127215,165379,1.9
Rawalpindi,1,6,3,1,1,3,1,1,1,9,1451,5865,52.78,13.7,35,2055000,79177,102930,2.2
Peshawar,1,7,2,0,2,1,1,0,0,16,1016,5080,81.28,19.5,49,2925000,121920,158496,2.0
Sukkur,7,14,3,3,2,4,1,1,2,16,385,11735,187.76,37.9,95,5685000,281639,366131,1.7
Bahawalpur,8,14,2,3,0,1,1,1,0,8,403,6960,55.68,11.4,29,1710000,83520,108576,1.7
Gujranwala,5,8,3,3,0,3,0,0,3,13,442,6345,82.48,20.6,52,3090000,123727,160845,2.1
Hyderabad,5,6,1,2,0,2,2,0,1,13,504,5015,65.19,15.1,38,2265000,97792,127130,1.9
Karachi,4,9,1,2,1,4,2,0,1,11,940,7185,79.04,18.0,45,2700000,118552,154118,1.9
Abbottabad,6,14,3,2,0,4,2,0,1,14,1361,5710,79.94,22.2,56,3330000,119909,155883,2.3
Multan,6,17,2,0,1,1,1,1,3,17,1686,4955,84.24,17.5,44,2625000,126352,164258,1.7
Hyderabad,3,18,3,1,1,1,0,0,1,15,1944,4745,71.18,16.5,42,2475000,106762,138791,1.9
Multan,9,15,2,1,1,2,0,0,3,6,1632,5500,33.0,6.9,18,1035000,49500,64350,1.7
Sukkur,7,19,3,0,1,4,0,0,1,13,1375,3860,50.18,10.1,26,1515000,75270,97851,1.7
Islamabad,1,8,2,0,0,3,2,1,0,11,300,2545,27.99,7.3,19,1095000,41992,54590,2.2
Hyderabad,7,6,1,3,1,3,1,1,0,6,310,8815,52.89,12.2,31,1830000,79335,103135,1.9
Abbottabad,5,9,3,3,0,4,0,1,0,9,1046,6610,59.49,16.5,42,2475000,89235,116005,2.3
Lahore,5,9,1,2,0,4,1,1,0,10,1963,5310,53.1,13.3,34,1995000,79649,103544,2.1
Swat,2,18,1,2,1,4,0,1,3,12,1537,7320,87.84,23.9,60,3585000,131760,171288,2.3
Multan,4,17,3,0,0,2,1,0,2,13,1255,2105,27.36,5.7,15,855000,41047,53361,1.7
Swat,6,11,3,2,2,3,0,1,2,14,1054,9515,133.21,36.2,91,5430000,199815,259759,2.3
Peshawar,7,5,2,1,0,3,1,1,0,17,1879,3950,67.15,16.1,41,2415000,100725,130942,2.0
Lahore,5,4,2,0,0,1,0,1,2,17,817,1985,33.75,8.4,21,1260000,50617,65802,2.1
Swat,9,19,1,0,1,1,0,0,2,11,1991,3610,39.71,10.8,27,1620000,59565,77434,2.3
Faisalabad,3,7,2,1,1,4,1,0,1,15,1738,5230,78.45,19.2,48,2880000,117675,152977,2.0
Faisalabad,1,19,2,3,0,1,1,1,3,14,1331,7110,99.54,24.4,61,3660000,149310,194103,2.0
Karachi,4,10,3,3,1,2,2,0,0,9,304,8600,77.4,17.6,44,2640000,116099,150929,1.9
Gujranwala,9,18,2,1,2,3,1,1,2,13,1685,8695,113.04,28.3,71,4245000,169552,220418,2.1
Islamabad,4,19,1,1,2,3,0,0,2,8,993,6935,55.48,14.4,36,2160000,83220,108186,2.2
Sukkur,2,14,2,2,1,1,0,0,0,9,411,5760,51.84,10.5,27,1575000,77759,101087,1.7
Hyderabad,5,13,1,0,0,4,1,1,1,15,1303,2570,38.55,8.9,23,1335000,57825,75172,1.9
Quetta,3,6,3,2,2,1,2,0,0,9,572,8865,79.78,15.3,39,2295000,119677,155580,1.6
Peshawar,9,6,1,1,2,4,1,1,1,11,721,8265,90.92,21.9,55,3285000,136372,177284,2.0
Multan,4,19,2,2,0,2,0,1,2,14,564,5235,73.29,15.3,39,2295000,109935,142915,1.7
Sukkur,6,8,3,1,1,3,0,1,3,11,1781,6170,67.87,13.7,35,2055000,101805,132346,1.7
Lahore,2,8,2,2,2,2,2,0,1,6,511,8970,53.82,13.5,34,2025000,80730,104949,2.1
Sialkot,6,16,3,2,0,3,1,0,1,10,1401,5140,51.4,13.1,33,1965000,77100,100230,2.1
Faisalabad,3,13,3,3,0,2,0,1,0,14,1081,6320,88.48,21.7,55,3255000,132720,172536,2.0
Sialkot,9,6,2,1,2,1,0,1,2,10,965,7815,78.15,19.9,50,2985000,117225,152392,2.1
Abbottabad,2,12,2,2,1,2,0,0,3,11,1544,6430,70.73,19.6,49,2940000,106094,137923,2.3
Peshawar,9,7,3,0,2,2,1,1,0,8,668,6680,53.44,12.8,32,1920000,80159,104207,2.0
Quetta,5,16,3,2,0,1,1,0,0,13,1257,4665,60.64,11.7,30,1755000,90967,118257,1.6
Hyderabad,8,16,2,2,2,3,2,0,3,15,646,10040,150.6,34.9,88,5235000,225900,293670,1.9
Karachi,2,18,1,0,1,3,0,0,2,16,324,3270,52.32,11.9,30,1785000,78480,102024,1.9
Quetta,6,6,2,1,0,1,0,1,3,9,1275,3790,34.11,6.6,17,990000,51165,66514,1.6
Peshawar,3,14,3,3,1,2,2,1,0,9,1743,9335,84.02,20.2,51,3030000,126022,163829,2.0
Quetta,5,5,2,3,2,2,0,0,0,16,1677,9450,151.2,29.1,73,4365000,226800,294840,1.6
Peshawar,8,13,1,3,2,2,2,1,1,17,716,11595,197.12,47.4,119,7110000,295672,384374,2.0
Peshawar,1,16,2,0,1,4,2,1,3,10,814,5365,53.65,12.9,33,1935000,80475,104617,2.0
Rawalpindi,5,14,3,2,2,3,0,0,3,15,514,8935,134.02,34.9,88,5235000,201037,261348,2.2
Multan,3,12,2,1,1,2,1,0,3,14,1435,5505,77.07,16.1,41,2415000,115605,150286,1.7
Bahawalpur,4,7,3,2,2,3,1,1,0,13,1253,9405,122.26,25.1,63,3765000,183397,238416,1.7
Sialkot,2,19,3,3,1,2,1,0,2,12,1213,8485,101.82,26.0,65,3900000,152730,198549,2.1
Bahawalpur,9,6,2,2,1,1,1,1,0,10,1882,7415,74.15,15.2,38,2280000,111225,144592,1.7
Bahawalpur,3,10,3,0,0,1,0,0,1,14,727,1125,15.75,3.2,8,480000,23625,30712,1.7
Bahawalpur,2,11,3,0,0,3,2,0,0,14,1032,2065,28.91,5.9,15,885000,43365,56374,1.7
Swat,9,14,1,1,1,3,2,1,0,15,998,6585,98.78,26.8,67,4020000,148162,192611,2.3
Faisalabad,7,17,1,1,2,1,0,1,0,15,1885,7280,109.2,26.8,67,4020000,163800,212940,2.0
Rawalpindi,6,5,1,3,2,4,1,1,1,7,515,11025,77.18,20.1,51,3015000,115762,150491,2.2
Hyderabad,1,10,1,1,2,1,2,1,3,9,712,8325,74.92,17.3,44,2595000,112387,146103,1.9
Rawalpindi,5,15,3,2,1,2,0,1,2,13,679,7400,96.2,25.1,63,3765000,144300,187590,2.2
Islamabad,3,8,2,0,1,4,0,0,2,6,1925,3445,20.67,5.4,14,810000,31004,40306,2.2
Islamabad,1,18,3,0,1,1,1,0,1,10,531,3595,35.95,9.4,24,1410000,53925,70102,2.2
Swat,4,14,3,0,1,4,0,1,3,13,1134,4710,61.23,16.6,42,2490000,91845,119398,2.3
Faisalabad,2,8,3,1,0,4,2,0,3,7,557,4220,29.54,7.2,18,1080000,44310,57603,2.0
Quetta,2,6,2,0,1,4,2,1,1,7,1988,4890,34.23,6.6,17,990000,51344,66748,1.6
Multan,3,8,1,0,2,3,0,0,0,13,1579,4795,62.34,13.0,33,1950000,93502,121553,1.7
Faisalabad,8,15,3,0,0,1,2,0,3,15,702,2975,44.62,10.9,28,1635000,66937,87018,2.0
Swat,8,5,3,3,2,3,0,1,2,17,723,11075,188.27,51.2,128,7680000,282412,367136,2.3
Peshawar,7,7,1,3,1,3,2,1,1,14,1069,9530,133.42,32.1,81,4815000,200129,260168,2.0
Lahore,6,9,3,1,0,2,1,1,2,12,364,4385,52.62,13.2,33,1980000,78930,102609,2.1
Multan,9,4,2,0,1,2,2,0,0,13,489,4235,55.06,11.5,29,1725000,82582,107357,1.7
Gujranwala,4,13,3,1,0,4,1,1,1,10,1926,4295,42.95,10.7,27,1605000,64425,83752,2.1
Sialkot,1,7,3,0,2,4,1,1,2,6,1249,6680,40.08,10.2,26,1530000,60119,78156,2.1
Multan,8,9,1,0,1,2,0,1,2,9,472,4235,38.12,7.9,20,1185000,57172,74324,1.7
Swat,7,12,3,0,1,2,1,1,0,7,1058,4605,32.24,8.8,22,1320000,48352,62858,2.3
Peshawar,7,17,3,1,0,1,2,1,1,8,927,4780,38.24,9.2,23,1380000,57360,74568,2.0
Peshawar,3,14,2,1,0,4,2,1,3,17,860,4985,84.74,20.4,51,3060000,127117,165252,2.0
Karachi,4,19,1,0,1,4,1,0,3,8,1550,4235,33.88,7.7,20,1155000,50820,66066,1.9
Bahawalpur,9,14,1,2,0,2,0,0,2,14,1300,4635,64.89,13.3,34,1995000,97335,126535,1.7
Faisalabad,6,16,2,1,1,1,1,0,0,15,1904,5090,76.35,18.7,47,2805000,114525,148882,2.0
Peshawar,5,5,3,3,0,2,2,0,2,9,1711,7000,63.0,15.1,38,2265000,94500,122850,2.0
Islamabad,3,14,1,1,2,2,2,1,0,7,700,8035,56.24,14.6,37,2190000,84367,109677,2.2
Bahawalpur,9,10,1,0,0,3,1,1,3,8,937,3125,25.0,5.1,13,765000,37500,48750,1.7
Hyderabad,5,9,3,2,2,4,1,0,2,8,1248,9260,74.08,17.1,43,2565000,111120,144456,1.9
Lahore,5,5,3,0,0,1,1,0,2,12,512,1900,22.8,5.7,15,855000,34199,44459,2.1
Swat,4,11,1,3,0,3,2,0,0,13,352,6415,83.4,22.7,57,3405000,125092,162620,2.3
Sialkot,4,10,3,1,1,4,2,1,1,16,923,6750,108.0,27.6,69,4140000,162000,210600,2.1
Faisalabad,1,14,1,1,0,2,2,1,0,11,1994,3885,42.74,10.5,27,1575000,64102,83333,2.0
Sukkur,7,8,3,0,0,1,0,1,1,9,1051,2145,19.3,3.9,10,585000,28957,37644,1.7
Islamabad,9,15,3,0,2,4,2,0,3,11,961,7350,80.85,21.1,53,3165000,121275,157657,2.2
Abbottabad,3,8,2,3,0,2,2,0,2,16,438,6745,107.92,30.0,75,4500000,161880,210444,2.3
Gujranwala,2,10,3,2,1,3,0,0,2,6,717,6450,38.7,9.7,25,1455000,58050,75465,2.1
Quetta,3,12,2,3,2,1,0,0,0,15,1948,9305,139.57,26.8,67,4020000,209362,272171,1.6
Peshawar,1,14,3,2,1,4,0,0,0,13,442,6135,79.76,19.2,48,2880000,119632,155522,2.0
Sukkur,6,18,1,1,1,3,0,1,3,6,808,6020,36.12,7.3,19,1095000,54179,70434,1.7
Peshawar,7,12,1,2,1,2,0,1,3,10,949,7405,74.05,17.8,45,2670000,111075,144397,2.0
Multan,2,12,3,2,1,2,0,1,1,7,785,6930,48.51,10.1,26,1515000,72765,94594,1.7
Islamabad,8,9,3,1,2,4,1,1,3,11,1291,8935,98.29,25.6,64,3840000,147427,191655,2.2
Multan,6,13,1,1,0,2,1,1,3,14,1760,4345,60.83,12.7,32,1905000,91245,118618,1.7
Karachi,4,9,3,1,1,1,1,0,3,10,842,5585,55.85,12.7,32,1905000,83775,108907,1.9
Multan,5,6,2,3,2,4,1,1,3,9,592,11515,103.64,21.6,54,3240000,155452,202088,1.7
Karachi,8,4,2,1,1,3,2,0,1,7,1943,5960,41.72,9.5,24,1425000,62579,81354,1.9
Gujranwala,3,19,2,0,0,4,0,1,3,17,1607,2560,43.52,10.9,28,1635000,65280,84864,2.1
Swat,3,10,2,1,2,4,2,0,1,8,970,7775,62.2,16.9,43,2535000,93300,121290,2.3
Karachi,4,7,2,1,2,3,0,0,0,11,1137,6505,71.55,16.3,41,2445000,107332,139532,1.9
Sukkur,1,4,3,1,0,2,0,0,2,13,1337,2685,34.9,7.0,18,1050000,52357,68064,1.7
Bahawalpur,9,18,3,2,2,3,2,0,0,13,933,9695,126.04,25.8,65,3870000,189052,245768,1.7
Peshawar,8,11,2,3,0,1,1,0,3,10,571,6765,67.65,16.3,41,2445000,101474,131917,2.0
Quetta,8,15,3,1,2,2,2,0,2,10,1348,8375,83.75,16.1,41,2415000,125625,163312,1.6
Bahawalpur,6,9,3,3,2,4,2,1,3,15,621,12285,184.28,37.8,95,5670000,276412,359336,1.7
Sialkot,7,9,2,0,0,2,0,0,3,8,1105,1760,14.08,3.6,9,540000,21120,27456,2.1
Swat,6,5,3,0,0,2,0,0,0,12,1426,1175,14.1,3.8,10,570000,21150,27495,2.2
Multan,9,18,3,1,2,1,0,1,3,11,1182,8345,91.8,19.1,48,2865000,137692,179000,1.7
Abbottabad,3,4,3,0,2,2,1,0,0,6,1363,5435,32.61,9.1,23,1365000,48915,63589,2.3
Sialkot,3,16,2,3,0,2,2,1,3,9,534,7815,70.34,17.9,45,2685000,105502,137153,2.1
Islamabad,3,17,3,2,0,2,2,1,1,11,1131,6080,66.88,17.4,44,2610000,100320,130416,2.2
Karachi,3,17,1,1,2,4,1,0,2,16,1412,7430,118.88,27.0,68,4050000,178319,231815,1.9
Peshawar,9,5,1,0,2,2,2,0,0,11,1423,6100,67.1,16.1,41,2415000,100649,130844,2.0
Lahore,4,7,2,3,2,3,2,1,0,16,443,11255,180.08,45.0,113,6750000,270120,351156,2.1
Faisalabad,7,5,1,3,0,2,0,0,2,17,1405,5850,99.45,24.4,61,3660000,149174,193927,2.0
Sukkur,9,19,2,0,2,1,1,1,0,17,888,6610,112.37,22.7,57,3405000,168555,219121,1.7
Quetta,7,4,1,3,1,2,0,0,2,8,1894,7835,62.68,12.1,31,1815000,94020,122226,1.6
Rawalpindi,9,10,1,3,0,2,1,1,1,11,528,7125,78.38,20.4,51,3060000,117562,152831,2.2
Sukkur,3,14,1,1,2,4,0,0,3,17,1926,7085,120.44,24.3,61,3645000,180667,234867,1.7
Gujranwala,4,14,2,3,0,3,2,0,1,15,1718,6810,102.15,25.5,64,3825000,153224,199192,2.1
Lahore,8,18,2,0,1,2,1,1,3,11,1836,5220,57.42,14.4,36,2160000,86130,111969,2.1
Abbottabad,6,15,3,1,0,3,1,1,2,17,1520,4575,77.78,21.6,54,3240000,116662,151661,2.3
Faisalabad,5,11,2,0,2,1,0,1,1,14,573,5890,82.46,20.2,51,3030000,123689,160797,2.0
Lahore,4,9,1,2,1,4,1,1,3,14,889,7835,109.69,27.4,69,4110000,164535,213895,2.1
Multan,8,7,1,0,1,3,2,0,2,7,952,4555,31.88,6.6,17,990000,47827,62175,1.7
Karachi,1,17,2,0,2,4,2,1,3,9,882,7380,66.42,15.1,38,2265000,99630,129519,1.9
Swat,9,9,2,1,2,2,2,1,0,14,1267,8560,119.84,32.6,82,4890000,179760,233688,2.3
Quetta,1,6,2,3,2,1,0,0,0,9,1885,9065,81.58,15.7,40,2355000,122377,159090,1.6
Hyderabad,8,15,3,0,0,4,1,0,2,13,671,2575,33.48,7.7,20,1155000,50212,65276,1.9
Karachi,4,11,1,1,0,2,0,1,3,15,1403,3665,54.98,12.5,32,1875000,82462,107201,1.9
Hyderabad,9,13,3,2,0,3,2,0,0,17,1558,5620,95.54,22.1,56,3315000,143310,186303,1.9
Sialkot,5,17,3,1,2,1,1,1,1,8,1610,8130,65.04,16.6,42,2490000,97560,126828,2.1
Swat,3,16,1,1,2,1,2,0,3,8,1118,7815,62.52,17.0,43,2550000,93780,121914,2.3
Faisalabad,9,16,1,3,0,3,1,1,3,14,1990,7715,108.01,26.5,67,3975000,162015,210619,2.0
Peshawar,9,5,2,0,1,3,1,0,0,16,871,3850,61.6,14.8,37,2220000,92400,120120,2.0
Rawalpindi,4,8,2,2,0,1,0,1,0,15,844,4570,68.55,17.9,45,2685000,102825,133672,2.2
Islamabad,4,4,3,1,1,4,1,1,2,13,1760,6360,82.68,21.5,54,3225000,124020,161226,2.2
Bahawalpur,8,9,2,0,2,1,2,0,3,6,426,6735,40.41,8.3,21,1245000,60615,78799,1.7
Swat,2,5,2,0,2,3,1,0,1,15,1032,5525,82.88,22.5,57,3375000,124312,161606,2.3
Karachi,9,7,1,1,0,4,2,1,0,7,716,4580,32.06,7.3,19,1095000,48090,62517,1.9
Quetta,6,9,1,0,0,2,0,1,3,8,937,2285,18.28,3.5,9,525000,27420,35646,1.6
Bahawalpur,9,13,2,1,2,1,2,0,0,16,340,7770,124.32,25.5,64,3825000,186480,242424,1.7
Gujranwala,8,14,1,1,0,3,1,0,2,7,1086,3660,25.62,6.4,16,960000,38430,49959,2.1
Gujranwala,7,11,2,1,2,2,2,0,3,8,1792,8290,66.32,16.6,42,2490000,99480,129324,2.1
Lahore,1,15,1,2,2,1,2,0,3,13,596,9150,118.95,29.7,75,4455000,178425,231952,2.1
Bahawalpur,3,11,1,1,1,1,1,0,2,16,1920,5040,80.64,16.5,42,2475000,120959,157248,1.7
Quetta,2,14,1,3,0,4,2,0,1,16,1924,6610,105.76,20.3,51,3045000,158640,206232,1.6
Faisalabad,5,9,1,0,2,3,1,0,0,17,341,5460,92.82,22.8,57,3420000,139230,180999,2.0
Sialkot,5,7,2,2,0,2,0,0,2,11,931,4380,48.18,12.3,31,1845000,72270,93951,2.1
Hyderabad,5,11,3,0,1,1,2,0,3,12,1602,4690,56.28,13.0,33,1950000,84420,109746,1.9
Lahore,4,16,1,2,1,4,0,1,2,15,1782,7240,108.6,27.2,68,4080000,162900,211770,2.1
Gujranwala,5,11,2,3,0,2,2,0,3,15,332,7140,107.1,26.8,67,4020000,160650,208845,2.1
Islamabad,3,13,2,2,0,2,2,0,2,11,1599,5320,58.52,15.2,38,2280000,87780,114114,2.2
Islamabad,1,17,1,2,2,1,0,1,1,6,964,8530,51.18,13.3,34,1995000,76770,99801,2.2
Karachi,5,4,3,2,1,2,2,1,3,16,1413,8435,134.96,30.7,77,4605000,202440,263172,1.9
Faisalabad,9,19,1,0,1,1,2,1,2,8,915,5360,42.88,10.5,27,1575000,64320,83616,2.0
Peshawar,9,7,2,1,1,4,0,1,1,6,1247,5930,35.58,8.6,22,1290000,53369,69381,2.0
Gujranwala,4,7,3,0,0,4,2,1,1,17,1847,3205,54.48,13.6,34,2040000,81727,106245,2.1
Abbottabad,3,10,2,1,2,2,1,1,0,15,459,7625,114.38,31.8,80,4770000,171562,223031,2.3
Faisalabad,1,19,1,0,0,1,2,0,3,17,757,2210,37.57,9.2,23,1380000,56354,73261,2.0
Sialkot,2,17,3,3,0,3,2,1,0,14,698,7405,103.67,26.4,66,3960000,155505,202156,2.1
Hyderabad,8,17,2,3,0,4,2,1,1,14,1414,8005,112.07,25.9,65,3885000,168105,218536,1.9
Quetta,1,14,2,2,2,1,0,1,0,10,880,8435,84.35,16.2,41,2430000,126525,164482,1.6
Bahawalpur,8,10,2,3,0,1,1,0,0,9,1789,6150,55.35,11.3,29,1695000,83025,107932,1.7
Gujranwala,7,19,1,2,1,1,1,1,2,17,519,7710,131.07,32.8,82,4920000,196605,255586,2.1
Bahawalpur,8,16,3,1,1,2,2,0,0,14,1742,5990,83.86,17.2,43,2580000,125790,163527,1.7
Islamabad,6,14,1,3,1,3,0,1,1,14,678,8560,119.84,31.2,78,4680000,179760,233688,2.2
Quetta,9,18,1,1,2,2,0,1,0,8,1229,7545,60.36,11.6,29,1740000,90540,117702,1.6
Quetta,3,11,1,0,0,4,1,0,3,10,1770,2040,20.4,3.9,10,585000,30600,39780,1.6
Quetta,4,19,3,1,2,2,0,0,2,8,1263,7135,57.08,11.0,28,1650000,85620,111306,1.6
Islamabad,6,14,1,0,0,1,2,1,1,15,1469,2860,42.9,11.2,28,1680000,64350,83655,2.2
Sialkot,8,8,1,1,1,2,2,0,0,7,532,5570,38.99,9.9,25,1485000,58485,76030,2.1
Bahawalpur,5,10,1,1,0,1,0,0,3,6,1694,2875,17.25,3.5,9,525000,25875,33637,1.7
Sukkur,3,11,1,3,0,3,2,1,1,17,1221,7290,123.93,25.0,63,3750000,185895,241663,1.7
Bahawalpur,6,19,2,1,0,2,1,1,0,15,533,3985,59.78,12.2,31,1830000,89662,116561,1.7
Multan,4,18,1,3,2,2,2,1,2,7,1025,11570,80.99,16.9,43,2535000,121485,157930,1.7
Hyderabad,9,12,2,3,0,2,0,0,0,13,666,5855,76.12,17.6,44,2640000,114172,148424,1.9
Abbottabad,3,6,1,2,0,1,1,1,1,16,780,5015,80.24,22.3,56,3345000,120359,156468,2.3
Sukkur,4,6,3,2,0,1,2,1,1,13,1896,5890,76.57,15.4,39,2310000,114855,149311,1.7
Hyderabad,7,7,2,0,2,2,1,0,1,8,1686,5830,46.64,10.8,27,1620000,69960,90948,1.9
Lahore,7,8,2,1,2,2,0,0,3,12,889,7245,86.94,21.7,55,3255000,130409,169533,2.1
Faisalabad,4,13,2,0,2,3,2,1,0,12,1834,6845,82.14,20.1,51,3015000,123209,160173,2.0
Faisalabad,6,4,2,1,0,3,2,0,0,7,1418,3610,25.27,6.2,16,930000,37905,49276,2.0
Rawalpindi,3,18,3,2,1,4,1,1,0,14,515,7595,106.33,27.7,70,4155000,159495,207343,2.2
Faisalabad,6,18,1,2,1,3,2,0,2,8,1024,7570,60.56,14.8,37,2220000,90840,118092,2.0
Bahawalpur,2,10,2,1,1,3,2,1,3,7,1011,6750,47.25,9.7,25,1455000,70875,92137,1.7
Islamabad,8,12,3,1,0,3,2,0,3,17,1866,4630,78.71,20.5,52,3075000,118064,153484,2.2
Abbottabad,2,11,2,2,1,1,2,0,2,8,1284,7115,56.92,15.8,40,2370000,85380,110994,2.3
Peshawar,7,18,1,2,1,3,0,0,3,7,1458,6845,47.92,11.5,29,1725000,71872,93434,2.0
Karachi,9,18,2,0,1,3,2,0,2,13,1406,4945,64.28,14.6,37,2190000,96427,125355,1.9
Rawalpindi,1,8,3,2,0,2,1,1,1,10,690,5295,52.95,13.8,35,2070000,79425,103252,2.2
Swat,8,17,1,1,1,1,0,0,1,8,1370,4805,38.44,10.4,26,1560000,57659,74958,2.3
Swat,7,17,3,0,1,4,1,1,3,10,691,5480,54.8,14.9,38,2235000,82200,106860,2.3
Karachi,6,7,1,1,0,4,1,0,1,16,1017,3305,52.88,12.0,30,1800000,79320,103116,1.9
Hyderabad,6,15,1,3,2,3,1,0,1,16,684,10325,165.2,38.2,96,5730000,247800,322140,1.9
Karachi,6,10,1,0,1,4,0,1,1,13,680,4100,53.3,12.1,31,1815000,79950,103935,1.9
Karachi,9,8,2,1,2,4,0,0,0,12,1400,6995,83.94,19.1,48,2865000,125909,163683,1.9
Swat,2,10,3,2,1,4,0,0,1,11,1582,6350,69.85,19.0,48,2850000,104775,136207,2.3
Rawalpindi,1,15,3,3,0,3,2,1,0,6,903,7300,43.8,11.4,29,1710000,65700,85410,2.2
Lahore,6,4,3,1,2,4,1,0,2,15,1233,7760,116.4,29.1,73,4365000,174599,226979,2.1
Bahawalpur,8,4,1,0,2,3,0,1,2,6,698,6260,37.56,7.7,20,1155000,56340,73242,1.7
Quetta,3,19,2,1,2,2,1,0,2,6,399,7410,44.46,8.6,22,1290000,66690,86697,1.6
Faisalabad,1,13,1,3,2,2,0,0,2,15,1824,9520,142.8,35.0,88,5250000,214199,278459,2.0
Faisalabad,9,17,3,0,1,4,0,0,2,13,682,4180,54.34,13.3,34,1995000,81509,105962,2.0
Islamabad,1,16,2,3,1,2,0,1,1,13,1006,8265,107.44,28.0,70,4200000,161167,209517,2.2
Rawalpindi,3,6,2,1,2,3,1,0,1,12,1515,7115,85.38,22.2,56,3330000,128069,166491,2.2
Islamabad,8,17,2,2,1,2,2,0,1,11,1903,7555,83.1,21.6,54,3240000,124657,162054,2.2
Peshawar,3,14,3,2,2,4,0,0,2,9,1925,8685,78.17,18.8,47,2820000,117247,152421,2.0
Peshawar,4,5,2,1,2,3,0,0,2,6,1668,6875,41.25,9.9,25,1485000,61875,80437,2.0
Islamabad,8,5,2,1,0,1,0,0,0,14,309,2575,36.05,9.4,24,1410000,54075,70297,2.2
Rawalpindi,1,10,1,1,2,3,2,0,3,6,563,7775,46.65,12.1,31,1815000,69975,90967,2.2
Islamabad,6,15,1,0,1,2,1,0,1,9,1591,3725,33.52,8.7,22,1305000,50287,65373,2.2
Faisalabad,1,13,2,3,2,1,1,0,3,8,1131,10270,82.16,20.1,51,3015000,123239,160212,2.0
Sukkur,1,5,2,3,0,3,1,0,2,12,929,6150,73.8,14.9,38,2235000,110700,143910,1.7
Multan,8,14,1,3,1,1,1,1,2,10,1061,9210,92.1,19.2,48,2880000,138150,179595,1.7
Swat,4,7,1,1,0,1,0,0,2,10,1894,2555,25.55,6.9,18,1035000,38325,49822,2.3
Swat,1,5,1,3,0,1,2,1,3,9,494,7250,65.25,17.7,45,2655000,97875,127237,2.3
Abbottabad,7,9,3,1,2,3,0,1,0,6,861,7660,45.96,12.8,32,1920000,68940,89622,2.3
Karachi,5,11,3,0,0,2,2,1,2,10,1730,3340,33.4,7.6,19,1140000,50100,65130,1.9
Multan,5,13,1,2,0,3,1,0,0,9,1619,4520,40.68,8.5,22,1275000,61019,79326,1.7
Bahawalpur,1,19,2,1,1,2,2,1,0,15,396,6110,91.65,18.8,47,2820000,137475,178717,1.7
Rawalpindi,6,7,1,1,0,3,0,1,1,13,761,3455,44.92,11.7,30,1755000,67372,87584,2.2
Sialkot,9,18,3,2,2,3,0,1,3,7,1962,10045,70.32,17.9,45,2685000,105472,137114,2.1
Multan,9,8,2,2,2,3,1,0,2,13,1057,9295,120.84,25.2,63,3780000,181252,235628,1.7
Abbottabad,8,7,3,0,2,2,0,1,0,6,386,6105,36.63,10.2,26,1530000,54945,71428,2.3
Peshawar,5,6,2,3,0,3,0,0,3,9,1290,6165,55.48,13.3,34,1995000,83227,108195,2.0
Hyderabad,1,8,3,1,1,1,2,1,3,8,376,6595,52.76,12.2,31,1830000,79140,102882,1.9
Karachi,9,17,2,3,2,3,0,1,2,10,1806,11180,111.8,25.4,64,3810000,167700,218010,1.9
Abbottabad,1,12,2,1,0,1,1,0,1,10,1469,2855,28.55,7.9,20,1185000,42825,55672,2.3
Quetta,8,11,2,0,2,4,1,0,1,10,960,6165,61.65,11.9,30,1785000,92475,120217,1.6
Sialkot,5,11,2,2,2,4,0,1,0,17,1434,8990,152.83,39.0,98,5850000,229245,298018,2.1
Rawalpindi,3,11,3,0,1,2,1,1,1,9,1964,4490,40.41,10.5,27,1575000,60615,78799,2.2
Karachi,7,15,3,2,2,2,2,1,1,13,1064,10350,134.55,30.6,77,4590000,201824,262372,1.9
Bahawalpur,7,11,2,3,1,4,2,0,1,8,977,9090,72.72,14.9,38,2235000,109080,141804,1.7
Multan,9,10,2,3,0,3,0,0,3,17,1620,6525,110.93,23.1,58,3465000,166387,216303,1.7
Peshawar,7,11,3,0,2,3,0,1,2,9,1749,6590,59.31,14.3,36,2145000,88965,115654,2.0
Lahore,3,14,2,2,0,3,2,1,3,6,1972,6385,38.31,9.6,24,1440000,57465,74704,2.1
Sukkur,1,17,2,0,0,4,1,0,3,12,1090,2130,25.56,5.2,13,780000,38340,49842,1.7
Quetta,8,19,2,2,0,1,0,0,2,6,1657,4685,28.11,5.4,14,810000,42165,54814,1.6
Sialkot,3,11,1,2,2,2,0,1,3,7,1846,9090,63.63,16.2,41,2430000,95445,124078,2.1
Sukkur,8,16,2,3,1,1,1,0,0,16,882,8240,131.84,26.6,67,3990000,197760,257088,1.7
Karachi,8,17,1,3,2,4,0,1,0,12,970,10655,127.86,29.1,73,4365000,191790,249327,1.9
Peshawar,5,11,2,2,0,1,1,0,3,6,837,5040,30.24,7.3,19,1095000,45360,58968,2.0
Peshawar,1,15,3,2,1,3,1,1,1,16,1485,7500,120.0,28.8,72,4320000,180000,234000,2.0
Abbottabad,7,13,1,2,0,3,1,1,3,8,729,6020,48.16,13.4,34,2010000,72240,93912,2.3
Swat,5,10,1,3,1,1,1,1,1,11,1937,8725,95.98,26.1,66,3915000,143962,187151,2.3
Swat,8,15,2,3,2,4,1,0,3,11,1392,11125,122.38,33.3,84,4995000,183562,238631,2.3
Multan,9,4,2,1,1,1,2,1,0,11,432,6385,70.24,14.6,37,2190000,105352,136958,1.7
Abbottabad,7,7,1,2,2,3,1,1,1,16,488,9530,152.48,42.4,106,6360000,228719,297336,2.3
Faisalabad,7,16,3,1,0,3,2,0,0,7,872,4015,28.1,6.9,18,1035000,42157,54804,2.0
Multan,1,16,3,2,1,4,1,1,3,7,578,8015,56.1,11.7,30,1755000,84157,109404,1.7
Faisalabad,4,19,2,3,0,1,0,1,2,11,1753,6635,72.98,17.9,45,2685000,109477,142320,2.0
Swat,2,7,3,1,1,3,2,1,1,15,1948,6455,96.82,26.3,66,3945000,145237,188808,2.3
Abbottabad,2,8,3,1,2,3,0,0,1,10,841,6720,67.2,18.7,47,2805000,100800,131040,2.3
Faisalabad,2,13,2,0,1,1,1,0,3,12,1484,3845,46.14,11.3,29,1695000,69210,89973,2.0
Quetta,4,9,3,2,1,1,1,0,3,12,1045,7085,85.02,16.4,41,2460000,127530,165789,1.6
Abbottabad,1,7,2,3,2,2,0,0,1,10,1198,9380,93.8,26.1,66,3915000,140700,182910,2.3
Swat,4,18,1,0,2,4,1,1,2,13,752,6770,88.01,23.9,60,3585000,132015,171619,2.3
Multan,2,5,2,0,2,4,0,0,3,15,1188,5525,82.88,17.3,44,2595000,124312,161606,1.7
Gujranwala,5,19,1,2,1,1,1,0,3,11,1150,7010,77.11,19.3,49,2895000,115665,150364,2.1
Abbottabad,3,9,1,0,0,4,1,0,3,10,469,2010,20.1,5.6,14,840000,30149,39194,2.3
Lahore,8,18,3,2,1,3,2,1,2,9,1129,8770,78.93,19.7,50,2955000,118394,153913,2.1
Sialkot,4,11,3,0,1,1,0,1,1,12,997,3965,47.58,12.1,31,1815000,71370,92781,2.1
Swat,1,18,3,2,0,1,1,1,0,9,1380,5145,46.3,12.6,32,1890000,69457,90294,2.3
Islamabad,1,11,2,3,2,1,0,0,3,10,1563,9740,97.4,25.4,64,3810000,146100,189930,2.2
Islamabad,3,10,3,2,1,2,2,1,2,10,1068,8175,81.75,21.3,54,3195000,122625,159412,2.2
Multan,9,9,1,2,0,4,0,1,1,6,657,5310,31.86,6.6,17,990000,47790,62127,1.7
Multan,7,5,3,1,2,2,2,0,1,6,500,7950,47.7,9.9,25,1485000,71550,93015,1.7
Sukkur,2,18,3,3,2,3,0,1,2,8,743,10820,86.56,17.5,44,2625000,129840,168792,1.7
Sialkot,9,10,2,3,1,4,0,0,3,16,1126,8625,138.0,35.2,88,5280000,207000,269100,2.1
Sialkot,2,14,2,3,2,2,2,0,0,8,1625,10360,82.88,21.1,53,3165000,124319,161616,2.1
Quetta,3,15,1,0,2,1,1,1,3,7,1429,6550,45.85,8.8,22,1320000,68775,89407,1.6
Multan,2,17,2,1,0,2,1,0,1,17,400,3105,52.78,11.0,28,1650000,79177,102930,1.7
Sialkot,3,19,3,3,0,1,1,0,0,7,1420,6060,42.42,10.8,27,1620000,63629,82719,2.1
Bahawalpur,6,17,2,0,2,2,0,0,3,11,1988,5805,63.86,13.1,33,1965000,95782,124517,1.7
Sukkur,9,8,1,0,0,2,0,0,0,6,1237,1145,6.87,1.4,4,210000,10305,13396,1.7
Faisalabad,9,19,3,0,2,2,1,0,2,11,328,6510,71.61,17.6,44,2640000,107415,139639,2.0
Peshawar,7,9,1,1,1,1,0,0,3,10,1829,5010,50.1,12.0,30,1800000,75149,97694,2.0
Peshawar,3,13,2,0,0,2,0,1,1,11,964,1870,20.57,4.9,13,735000,30855,40111,2.0
Faisalabad,4,11,2,1,2,4,1,0,1,10,1761,7365,73.65,18.1,46,2715000,110475,143617,2.0
Rawalpindi,6,19,1,2,2,4,2,0,0,12,1702,9285,111.42,29.0,73,4350000,167130,217269,2.2
Swat,5,17,3,0,0,4,0,0,2,6,372,1880,11.28,3.1,8,465000,16920,21996,2.3
Sukkur,2,11,2,3,0,1,0,0,3,8,553,5815,46.52,9.4,24,1410000,69780,90714,1.7
Bahawalpur,6,6,2,0,1,1,0,1,2,11,815,4090,44.99,9.2,23,1380000,67484,87730,1.7
Sialkot,3,15,3,2,2,4,0,1,2,6,1048,9450,56.7,14.5,37,2175000,85049,110564,2.1
Gujranwala,8,19,2,2,1,4,2,0,0,16,1873,7585,121.36,30.3,76,4545000,182040,236652,2.1
Sukkur,2,15,1,0,1,4,1,1,0,16,1343,4175,66.8,13.5,34,2025000,100200,130260,1.7
Abbottabad,1,17,2,2,1,3,0,0,3,12,1948,6530,78.36,21.8,55,3270000,117540,152802,2.3
Faisalabad,9,10,2,1,0,4,1,0,1,9,834,3725,33.52,8.2,21,1230000,50287,65373,2.0
Bahawalpur,3,4,3,1,1,2,0,0,3,8,720,5035,40.28,8.3,21,1245000,60420,78546,1.7
Lahore,1,4,1,0,0,3,2,0,2,15,745,1985,29.78,7.4,19,1110000,44662,58061,2.1
Hyderabad,7,10,3,1,0,3,1,1,0,14,1178,4175,58.45,13.5,34,2025000,87674,113977,1.9
Karachi,5,18,2,1,1,1,2,1,2,6,435,6695,40.17,9.1,23,1365000,60255,78331,1.9
Swat,5,18,2,3,1,2,0,0,0,13,1828,7645,99.38,27.0,68,4050000,149077,193800,2.3
Faisalabad,1,13,3,0,2,1,2,0,1,6,1624,6020,36.12,8.9,23,1335000,54179,70434,2.1
Gujranwala,9,12,3,2,1,1,2,1,2,10,1932,8555,85.55,21.4,54,3210000,128325,166822,2.1
Sialkot,7,10,3,0,2,2,0,1,0,15,332,6075,91.12,23.2,58,3480000,136687,177693,2.1
Gujranwala,8,13,1,1,1,1,0,0,3,13,946,5145,66.88,16.7,42,2505000,100327,130425,2.1
Gujranwala,9,8,2,3,1,2,1,1,3,11,577,9645,106.1,26.5,67,3975000,159142,206885,2.1
Multan,6,11,3,0,1,2,0,0,3,12,432,3865,46.38,9.7,25,1455000,69570,90441,1.7
Multan,5,5,2,0,1,1,1,1,2,16,1049,4500,72.0,15.0,38,2250000,108000,140400,1.7
Quetta,6,12,1,1,2,4,2,1,0,13,1850,8430,109.59,21.1,53,3165000,164385,213700,1.6
Faisalabad,2,9,1,1,2,1,2,1,0,11,425,7785,85.64,21.0,53,3150000,128452,166988,2.0
Quetta,4,16,1,0,1,3,1,1,0,16,644,4240,67.84,13.0,33,1950000,101760,132288,1.6
Faisalabad,3,12,1,1,1,1,0,0,2,11,316,4555,50.1,12.3,31,1845000,75157,97704,2.0
Swat,7,19,2,1,2,2,0,0,0,16,1123,6810,108.96,29.6,74,4440000,163440,212472,2.3
Sukkur,9,5,1,1,0,3,2,1,1,11,861,4650,51.15,10.3,26,1545000,76725,99742,1.7
Karachi,5,6,1,1,0,2,1,0,2,10,946,3215,32.15,7.3,19,1095000,48225,62692,1.9
Gujranwala,6,15,3,1,0,4,2,1,1,13,929,4975,64.68,16.2,41,2430000,97012,126116,2.1
Swat,2,11,1,3,2,4,2,1,1,7,1701,11315,79.2,21.5,54,3225000,118807,154449,2.3
Sukkur,3,4,3,1,2,3,0,0,3,12,1117,7135,85.62,17.3,44,2595000,128430,166959,1.7
Hyderabad,3,18,1,2,0,4,1,0,2,9,359,4945,44.5,10.3,26,1545000,66757,86784,1.9
Peshawar,9,13,1,0,0,4,2,0,0,6,1960,2420,14.52,3.5,9,525000,21780,28314,2.0
Islamabad,7,18,3,3,1,1,0,1,1,10,766,8795,87.95,22.9,58,3435000,131925,171502,2.2
Abbottabad,8,18,1,3,2,1,2,0,2,8,927,11020,88.16,24.5,62,3675000,132240,171912,2.3
Bahawalpur,9,18,2,1,2,4,2,0,0,9,690,8145,73.3,15.0,38,2250000,109957,142944,1.7
Faisalabad,6,10,2,0,0,4,0,0,3,12,1235,1900,22.8,5.6,14,840000,34199,44459,2.0
Hyderabad,4,10,1,2,0,1,0,0,2,10,984,4100,41.0,9.5,24,1425000,61500,79950,1.9
Peshawar,1,16,2,1,2,4,1,1,2,9,1510,8165,73.48,17.7,45,2655000,110227,143295,2.0
Sialkot,8,4,3,0,1,4,2,1,2,6,797,5660,33.96,8.7,22,1305000,50940,66222,2.1
Rawalpindi,7,19,1,1,0,2,1,1,0,11,899,3910,43.01,11.2,28,1680000,64515,83869,2.2
Karachi,2,12,1,1,2,4,0,1,1,16,1684,7330,117.28,26.7,67,4005000,175920,228696,1.9
Bahawalpur,8,11,3,1,2,3,0,1,1,15,748,7965,119.48,24.5,62,3675000,179212,232976,1.7
Quetta,5,7,3,1,1,2,2,1,2,11,979,6780,74.58,14.3,36,2145000,111870,145431,1.6
Quetta,7,13,3,1,1,3,1,1,2,12,1504,6620,79.44,15.3,39,2295000,119159,154908,1.6
Sukkur,4,14,1,1,0,4,1,0,0,6,429,3060,18.36,3.7,10,555000,27539,35802,1.7
Bahawalpur,5,8,3,1,0,1,2,1,3,9,448,4895,44.05,9.0,23,1350000,66082,85907,1.7
Multan,8,5,3,2,0,2,2,1,2,17,1795,6475,110.07,22.9,58,3435000,165112,214646,1.7
Peshawar,1,16,2,3,2,1,1,1,2,14,1117,10865,152.11,36.6,92,5490000,228165,296614,2.0
Rawalpindi,1,19,2,2,0,2,0,1,3,17,1946,5210,88.57,23.1,58,3465000,132855,172711,2.2
Hyderabad,4,12,1,1,2,1,0,0,2,15,1247,6630,99.45,23.0,58,3450000,149175,193927,1.9
Karachi,3,18,2,1,0,2,2,1,1,11,799,4445,48.9,11.1,28,1665000,73342,95345,1.9
Swat,2,15,2,2,1,2,1,1,2,7,1972,7525,52.68,14.3,36,2145000,79012,102716,2.3
Peshawar,3,15,3,2,1,3,1,0,1,9,1678,6900,62.1,14.9,38,2235000,93150,121095,2.0
Rawalpindi,1,9,3,3,2,1,1,1,0,11,1534,10510,115.61,30.1,76,4515000,173415,225439,2.2
Islamabad,1,6,2,2,1,3,0,1,0,9,957,6515,58.64,15.3,39,2295000,87952,114338,2.2
Faisalabad,6,15,2,3,2,3,0,1,1,15,1919,10725,160.88,39.4,99,5910000,241312,313706,2.0
Swat,5,10,2,1,2,1,1,1,1,12,1353,7875,94.5,25.7,65,3855000,141750,184275,2.3
Quetta,8,12,1,0,1,2,1,1,3,17,876,4980,84.66,16.3,41,2445000,126990,165087,1.6
Swat,2,6,1,0,2,3,2,1,1,8,1347,6640,53.12,14.4,36,2160000,79680,103584,2.3
Hyderabad,4,19,1,0,1,1,2,1,1,11,1283,4785,52.64,12.2,31,1830000,78952,102638,1.9
Quetta,8,5,2,0,0,2,1,0,2,17,1022,2075,35.28,6.8,17,1020000,52912,68786,1.6
Hyderabad,6,19,2,1,0,3,1,0,3,9,521,3935,35.42,8.2,21,1230000,53122,69059,1.9
Sukkur,1,10,1,0,1,3,0,1,1,8,901,3625,29.0,5.8,15,870000,43500,56550,1.7
Multan,4,10,1,2,1,3,1,0,1,17,1941,6600,112.2,23.4,59,3510000,168299,218789,1.7
Hyderabad,1,7,2,2,1,2,2,1,1,8,983,7630,61.04,14.1,36,2115000,91560,119028,1.9
Quetta,2,14,3,0,1,3,0,0,2,7,1041,3510,24.57,4.7,12,705000,36855,47911,1.6
Sukkur,5,12,1,2,0,2,2,1,2,16,1224,6055,96.88,19.5,49,2925000,145319,188915,1.7
Hyderabad,8,19,2,3,2,4,2,0,2,8,1912,11485,91.88,21.3,54,3195000,137819,179165,1.9
Islamabad,8,17,2,1,2,3,0,1,0,17,879,7705,130.99,34.1,86,5115000,196477,255420,2.2
Swat,3,11,3,0,0,4,2,0,2,15,700,2640,39.6,10.8,27,1620000,59400,77220,2.3
Multan,4,16,2,0,2,1,1,0,1,6,1200,5640,33.84,7.0,18,1050000,50760,65988,1.7
Hyderabad,6,16,2,1,0,3,2,1,2,8,1927,4940,39.52,9.1,23,1365000,59280,77064,1.9
Sukkur,3,4,1,2,2,1,0,1,2,14,811,8685,121.59,24.5,62,3675000,182385,237100,1.7
Sialkot,2,4,1,1,1,1,0,0,3,9,387,4560,41.04,10.5,27,1575000,61560,80028,2.1
Peshawar,6,8,3,1,1,1,0,0,1,8,1788,4820,38.56,9.3,24,1395000,57840,75192,2.0
Lahore,5,9,3,2,1,4,2,1,2,13,349,8510,110.63,27.7,70,4155000,165944,215728,2.1
Rawalpindi,5,6,2,1,0,2,1,0,0,6,402,2965,17.79,4.6,12,690000,26684,34690,2.2
Lahore,5,16,1,2,0,4,0,1,3,10,667,5515,55.15,13.8,35,2070000,82725,107542,2.1
Sialkot,5,12,3,2,2,4,1,0,2,6,1235,9305,55.83,14.2,36,2130000,83745,108868,2.1
Lahore,3,15,3,1,2,1,0,0,3,12,1815,7100,85.2,21.3,54,3195000,127799,166139,2.1
Sialkot,7,13,3,3,2,3,1,1,3,10,1881,11820,118.2,30.2,76,4530000,177300,230490,2.1
Karachi,6,17,2,2,0,2,1,1,0,7,1591,5455,38.18,8.7,22,1305000,57277,74460,1.9
Sialkot,4,18,1,1,2,1,1,1,0,17,1720,7570,128.69,32.8,82,4920000,193035,250945,2.1
Sialkot,2,9,3,2,1,2,0,0,0,6,1643,5935,35.61,9.1,23,1365000,53415,69439,2.1
Gujranwala,9,7,1,3,2,4,2,0,1,16,1843,11030,176.48,44.1,111,6615000,264720,344136,2.1
Sialkot,1,15,3,3,1,2,2,0,3,12,1772,9050,108.6,27.7,70,4155000,162900,211770,2.1
Islamabad,4,10,3,0,0,2,2,1,2,17,1799,3250,55.25,14.4,36,2160000,82875,107737,2.2
Peshawar,1,11,1,2,1,3,1,0,0,6,1197,6190,37.14,8.9,23,1335000,55710,72423,2.0
Faisalabad,6,12,1,2,1,1,0,0,0,8,1913,5880,47.04,11.5,29,1725000,70560,91728,2.0
Hyderabad,4,16,1,1,1,2,1,1,3,16,1208,6240,99.84,23.1,58,3465000,149760,194688,1.9
Rawalpindi,5,19,2,2,0,2,0,0,3,11,1563,4760,52.36,13.6,34,2040000,78540,102102,2.2
Multan,5,14,3,0,0,4,1,0,3,11,557,2535,27.88,5.8,15,870000,41827,54375,1.7
Peshawar,9,9,2,3,0,4,0,1,2,12,1966,7160,85.92,20.7,52,3105000,128880,167544,2.0
Quetta,1,18,1,3,0,2,0,1,1,16,689,6145,98.32,18.9,48,2835000,147480,191724,1.6
Faisalabad,2,9,3,0,2,1,0,1,1,16,1666,5785,92.56,22.7,57,3405000,138840,180492,2.0
Karachi,6,11,2,2,0,2,1,1,0,6,1072,5365,32.19,7.3,19,1095000,48285,62770,1.9
Karachi,5,15,3,2,1,2,2,1,1,12,1053,8200,98.4,22.4,56,3360000,147599,191879,1.9
Abbottabad,7,8,2,0,0,3,1,1,2,7,1710,2895,20.26,5.6,14,840000,30397,39516,2.3
Swat,3,17,1,1,2,1,1,1,1,11,693,7680,84.48,23.0,58,3450000,126719,164736,2.3
Sialkot,3,6,2,3,2,3,0,1,2,13,982,10565,137.34,35.0,88,5250000,206017,267822,2.1
Peshawar,2,15,3,0,2,1,0,1,0,10,1982,5675,56.75,13.6,34,2040000,85125,110662,2.0
Sukkur,3,6,3,0,1,1,2,0,3,15,569,4465,66.97,13.5,34,2025000,100462,130601,1.7
Gujranwala,1,16,3,2,0,1,2,1,2,8,448,6015,48.12,12.0,30,1800000,72180,93834,2.1
Lahore,5,9,3,3,0,3,0,1,3,16,1703,7110,113.76,28.4,71,4260000,170640,221832,2.1
Quetta,5,5,1,2,0,3,2,0,0,13,1110,4900,63.7,12.2,31,1830000,95550,124215,1.6
Karachi,7,19,2,0,1,3,2,1,2,13,327,5560,72.28,16.4,41,2460000,108420,140946,1.9
Rawalpindi,4,9,1,1,1,4,0,0,2,9,1472,4885,43.96,11.4,29,1710000,65947,85731,2.2
Karachi,3,19,1,3,2,3,1,0,1,13,1743,10160,132.08,30.0,75,4500000,198120,257556,1.9
Multan,1,16,1,0,2,4,2,1,2,10,579,7015,70.15,14.6,37,2190000,105224,136792,1.7
Hyderabad,8,9,3,0,0,4,0,0,0,16,1505,1585,25.36,5.9,15,885000,38040,49452,1.9
Karachi,3,11,3,1,1,4,2,1,3,10,465,7090,70.9,16.1,41,2415000,106350,138255,1.9
Multan,2,10,3,0,1,2,2,1,2,8,316,5100,40.8,8.5,22,1275000,61200,79560,1.7
Peshawar,4,11,2,0,0,2,0,0,0,12,1473,965,11.58,2.8,7,420000,17370,22581,2.0
Peshawar,3,17,3,3,0,2,2,0,0,16,638,6630,106.08,25.5,64,3825000,159120,206856,2.0
Gujranwala,1,12,2,3,2,4,2,0,2,16,1368,10855,173.68,43.4,109,6510000,260520,338676,2.1
Swat,3,9,3,3,2,4,2,1,1,14,1825,11660,163.24,44.4,111,6660000,244860,318318,2.3
Abbottabad,2,17,3,2,2,1,1,1,2,14,1141,9605,134.47,37.4,94,5610000,201705,262216,2.3
Faisalabad,8,19,1,1,0,4,1,0,2,6,488,3835,23.01,5.6,14,840000,34515,44869,2.0
Karachi,6,6,1,3,0,2,2,1,1,6,950,7340,44.04,10.0,25,1500000,66060,85878,1.9
Rawalpindi,9,13,1,2,2,4,0,1,0,15,1384,9170,137.55,35.8,90,5370000,206325,268222,2.2
Karachi,8,6,2,2,2,4,2,0,2,17,593,9790,166.43,37.8,95,5670000,249644,324538,1.9
Abbottabad,3,19,2,1,1,1,2,0,1,17,1356,5610,95.37,26.5,67,3975000,143055,185971,2.3
Bahawalpur,5,14,3,1,1,4,1,0,3,16,1622,6035,96.56,19.8,50,2970000,144840,188292,1.7
Rawalpindi,7,15,2,0,2,3,1,0,3,10,714,6450,64.5,16.8,42,2520000,96750,125775,2.2
Islamabad,5,4,3,2,2,1,1,0,1,6,1947,8685,52.11,13.6,34,2040000,78165,101614,2.2
Sialkot,8,14,2,3,1,4,2,0,0,9,1102,9010,81.09,20.7,52,3105000,121635,158125,2.1
Faisalabad,5,18,2,1,2,4,2,0,1,17,1872,8045,136.76,33.5,84,5025000,205147,266691,2.0
Islamabad,1,16,2,2,1,1,0,0,0,6,730,5715,34.29,8.9,23,1335000,51435,66865,2.2
Bahawalpur,5,18,1,3,1,4,2,0,3,7,1818,9295,65.06,13.3,34,1995000,97597,126876,1.7
Bahawalpur,4,8,2,2,1,2,2,0,2,7,1423,7320,51.24,10.5,27,1575000,76860,99918,1.7
Abbottabad,6,17,1,1,0,3,1,1,1,9,1346,4105,36.95,10.3,26,1545000,55417,72042,2.3
Karachi,3,7,1,0,0,3,1,1,3,13,1743,2630,34.19,7.8,20,1170000,51284,66670,1.9
Abbottabad,5,12,2,2,2,2,1,0,2,7,1747,8955,62.68,17.4,44,2610000,94027,122235,2.3
Abbottabad,2,18,3,3,1,4,1,1,3,14,786,9620,134.68,37.4,94,5610000,202019,262626,2.3
Bahawalpur,6,12,3,1,0,4,1,1,1,17,388,4430,75.31,15.4,39,2310000,112965,146854,1.7
Faisalabad,6,18,3,0,2,3,0,1,1,14,1532,6420,89.88,22.0,55,3300000,134819,175265,2.0
Islamabad,5,17,2,3,2,4,0,1,2,7,570,10980,76.86,20.0,50,3000000,115290,149877,2.2
Lahore,6,8,3,3,2,3,0,1,1,6,1199,10770,64.62,16.2,41,2430000,96930,126009,2.1
Karachi,7,13,1,3,2,3,1,1,3,15,1729,11520,172.8,39.3,99,5895000,259199,336959,1.9
Bahawalpur,5,7,3,2,2,2,1,0,2,15,577,9030,135.45,27.8,70,4170000,203174,264127,1.7
Islamabad,1,10,2,1,1,3,1,0,2,14,505,5225,73.15,19.0,48,2850000,109724,142642,2.2
Swat,8,18,3,3,2,4,0,1,3,7,1913,11570,80.99,22.0,55,3300000,121485,157930,2.3
Lahore,4,9,1,2,1,4,1,1,0,13,1212,7235,94.06,23.5,59,3525000,141082,183407,2.1
Lahore,9,7,2,1,0,1,0,0,2,8,627,3080,24.64,6.2,16,930000,36960,48048,2.1
Peshawar,6,16,3,1,2,4,1,1,0,6,1933,8290,49.74,12.0,30,1800000,74609,96992,2.0
Gujranwala,1,16,2,2,0,1,2,1,3,16,1157,6065,97.04,24.3,61,3645000,145560,189228,2.1
Karachi,3,18,2,2,1,3,0,1,3,6,1176,7445,44.67,10.2,26,1530000,67005,87106,1.9
Lahore,3,13,2,3,1,4,2,1,2,15,1161,9770,146.55,36.6,92,5490000,219824,285772,2.1
Bahawalpur,4,5,3,1,0,2,0,1,1,7,635,3475,24.32,5.0,13,750000,36487,47433,1.7
Peshawar,6,4,2,0,2,2,1,0,2,12,905,5910,70.92,17.0,43,2550000,106380,138294,2.0
Islamabad,7,7,3,2,2,2,1,0,1,17,891,8980,152.66,39.8,100,5970000,228990,297687,2.2
Swat,4,7,1,1,0,3,2,1,0,11,1361,4105,45.16,12.3,31,1845000,67732,88052,2.3
Multan,6,16,3,1,0,3,1,0,1,17,1313,3640,61.88,12.9,33,1935000,92820,120666,1.7
Karachi,1,4,1,3,0,1,0,1,2,16,1551,6035,96.56,21.9,55,3285000,144840,188292,1.9
Faisalabad,8,9,3,0,2,2,1,1,1,7,1806,6835,47.84,11.7,30,1755000,71767,93297,2.0
Abbottabad,7,7,2,3,2,1,1,1,3,9,1457,11380,102.42,28.4,71,4260000,153630,199719,2.3
Rawalpindi,9,4,3,0,2,1,0,1,0,7,1007,6035,42.24,11.0,28,1650000,63367,82377,2.2
Rawalpindi,3,4,2,0,0,4,2,1,3,6,1277,3335,20.01,5.2,13,780000,30014,39019,2.2
Islamabad,2,18,1,2,2,4,2,1,3,17,1713,10320,175.44,45.7,115,6855000,263160,342108,2.2
Sukkur,1,16,3,1,1,2,1,1,3,8,1936,6315,50.52,10.2,26,1530000,75780,98514,1.7
Sukkur,3,4,2,1,0,3,0,1,3,9,724,3735,33.62,6.8,17,1020000,50422,65549,1.7
Islamabad,5,11,1,1,2,4,2,1,1,15,886,8540,128.1,33.4,84,5010000,192150,249795,2.2
Bahawalpur,2,13,1,0,0,3,2,0,3,10,1105,2395,23.95,4.9,13,735000,35925,46702,1.7
Lahore,3,11,3,1,1,1,1,1,1,10,1833,5890,58.9,14.7,37,2205000,88350,114855,2.1
Gujranwala,4,5,1,2,1,1,0,0,3,12,1019,6225,74.7,18.7,47,2805000,112049,145664,2.1
Karachi,7,14,2,0,0,1,2,0,2,15,1918,2535,38.03,8.6,22,1290000,57037,74148,1.9
Rawalpindi,3,16,1,0,0,1,1,1,3,13,1750,2565,33.34,8.7,22,1305000,50017,65022,2.2
Rawalpindi,9,10,1,0,1,2,1,0,2,14,1248,4075,57.05,14.9,38,2235000,85575,111247,2.2
Gujranwala,8,17,2,0,0,1,1,1,1,17,954,2705,45.98,11.5,29,1725000,68977,89670,2.1
Lahore,4,11,1,2,1,4,1,1,0,12,773,7265,87.18,21.8,55,3270000,130769,170001,2.1
Rawalpindi,1,11,1,1,1,1,2,1,1,10,867,5940,59.4,15.5,39,2325000,89100,115830,2.2
Abbottabad,1,14,1,2,2,3,0,1,0,14,1684,8485,118.79,33.0,83,4950000,178185,231640,2.3
Faisalabad,1,13,1,1,0,4,1,0,0,13,510,2820,36.66,9.0,23,1350000,54990,71487,2.0
Karachi,1,18,2,2,0,3,1,0,3,15,1502,5045,75.68,17.2,43,2580000,113512,147566,1.9
Hyderabad,8,14,1,3,2,3,2,1,0,14,1381,11510,161.14,37.3,94,5595000,241710,314223,1.9
Rawalpindi,3,16,2,3,1,2,1,0,1,15,1396,8165,122.48,31.9,80,4785000,183712,238826,2.2
Islamabad,6,10,1,3,0,2,1,0,3,13,514,6550,85.15,22.2,56,3330000,127724,166042,2.2
Faisalabad,3,8,1,3,2,3,0,0,0,11,1199,9295,102.24,25.1,63,3765000,153367,199377,2.0
Rawalpindi,5,4,1,0,2,3,1,1,1,9,1396,6335,57.02,14.8,37,2220000,85522,111179,2.2
Sialkot,7,15,1,0,0,1,2,0,0,14,766,2000,28.0,7.1,18,1065000,42000,54600,2.1
Swat,2,12,2,2,2,4,0,0,0,17,1594,8030,136.51,37.1,93,5565000,204765,266194,2.3
Abbottabad,6,16,2,2,1,1,2,0,3,14,1822,7690,107.66,29.9,75,4485000,161490,209937,2.3
Faisalabad,6,19,2,3,2,2,0,1,3,15,653,11085,166.28,40.8,102,6120000,249412,324236,2.0
Peshawar,3,10,3,1,1,2,0,0,1,15,1557,4725,70.88,17.0,43,2550000,106312,138206,2.0
Hyderabad,6,5,1,3,1,1,1,0,3,14,1642,8375,117.25,27.1,68,4065000,175875,228637,1.9
Swat,5,9,1,2,0,4,1,1,3,15,1342,5910,88.65,24.1,61,3615000,132975,172867,2.3
Quetta,2,5,2,3,2,3,1,0,2,8,924,10225,81.8,15.7,40,2355000,122700,159510,1.6
Islamabad,9,18,3,2,1,1,2,1,2,16,1898,8645,138.32,36.0,90,5400000,207479,269724,2.2
Islamabad,8,4,1,3,1,2,1,1,1,17,671,8960,152.32,39.7,100,5955000,228480,297024,2.2
Karachi,3,17,2,1,2,4,1,1,3,8,483,8530,68.24,15.5,39,2325000,102359,133068,1.9
Gujranwala,8,10,1,3,1,2,0,1,1,16,1600,8550,136.8,34.2,86,5130000,205200,266760,2.1
Swat,9,16,1,1,2,4,1,1,2,11,973,8615,94.76,25.8,65,3870000,142147,184791,2.3
Faisalabad,3,19,2,1,0,4,1,1,2,11,1054,4360,47.96,11.8,30,1770000,71940,93522,2.1
Lahore,3,5,2,2,1,4,1,0,2,11,1468,6900,75.9,19.0,48,2850000,113850,148005,2.1
Islamabad,2,16,1,1,1,1,1,1,1,10,1981,5590,55.9,14.6,37,2190000,83850,109005,2.2
Faisalabad,8,17,1,0,2,1,0,0,3,10,1404,5705,57.05,14.0,35,2100000,85575,111247,2.0
Bahawalpur,1,17,2,0,2,1,1,0,0,7,621,5230,36.61,7.5,19,1125000,54915,71389,1.7
Faisalabad,8,5,1,0,2,4,0,1,3,12,734,6575,78.9,19.3,49,2895000,118350,153855,2.0
Bahawalpur,7,16,1,2,2,4,2,0,1,17,1366,9515,161.76,33.1,83,4965000,242632,315422,1.7
Sialkot,7,14,2,0,1,2,1,0,2,9,1636,4135,37.21,9.5,24,1425000,55822,72569,2.1
Multan,3,8,1,2,0,3,1,0,0,8,592,4295,34.36,7.2,18,1080000,51540,67002,1.7
Multan,1,17,1,2,0,1,1,1,1,13,987,5030,65.39,13.6,34,2040000,98085,127510,1.7
Quetta,4,8,3,0,0,4,0,0,2,9,1187,1670,15.03,2.9,8,435000,22545,29308,1.6
Peshawar,9,19,2,1,0,2,1,0,1,16,368,3660,58.56,14.1,36,2115000,87840,114192,2.0
Quetta,5,10,3,3,2,2,1,1,0,9,355,10925,98.32,18.9,48,2835000,147487,191733,1.6
Bahawalpur,1,4,3,2,1,2,2,0,2,13,930,7185,93.4,19.1,48,2865000,140107,182139,1.7
Swat,5,11,3,0,1,1,0,0,3,6,1527,3690,22.14,6.0,15,900000,33210,43173,2.3
Rawalpindi,8,6,1,2,1,1,0,0,1,14,719,6140,85.96,22.4,56,3360000,128939,167622,2.2
Lahore,8,7,1,1,2,3,2,1,0,12,866,8405,100.86,25.2,63,3780000,151290,196677,2.1
Rawalpindi,5,18,3,1,1,2,0,0,3,17,849,5395,91.71,23.9,60,3585000,137572,178844,2.2
Sukkur,9,12,3,0,2,1,1,0,0,7,542,5905,41.34,8.3,21,1245000,62002,80603,1.7
Rawalpindi,1,7,3,2,1,2,1,1,1,16,1524,7280,116.48,30.3,76,4545000,174720,227136,2.2
Karachi,4,13,1,3,0,4,2,1,0,17,1047,7295,124.02,28.2,71,4230000,186022,241829,1.9
Rawalpindi,3,15,3,3,2,2,0,1,2,11,1797,10750,118.25,30.8,77,4620000,177375,230587,2.2
Quetta,2,18,3,2,1,3,0,0,0,13,826,6170,80.21,15.4,39,2310000,120314,156409,1.6
Islamabad,8,8,2,2,0,1,0,1,1,16,1979,5070,81.12,21.1,53,3165000,121680,158184,2.2
Abbottabad,7,10,2,2,0,4,2,1,2,10,376,6525,65.25,18.1,46,2715000,97875,127237,2.3
Islamabad,9,19,1,0,0,1,1,1,0,11,1801,2460,27.06,7.0,18,1050000,40590,52767,2.2
Multan,2,7,2,1,2,4,2,0,0,17,739,7455,126.74,26.4,66,3960000,190102,247133,1.7
Abbottabad,4,17,2,3,2,2,1,1,2,15,1586,11205,168.08,46.7,117,7005000,252112,327746,2.3
Gujranwala,6,4,2,0,1,2,2,1,3,13,1508,5360,69.68,17.4,44,2610000,104520,135876,2.1
Lahore,3,12,1,2,0,3,1,1,3,11,1378,5705,62.76,15.7,40,2355000,94132,122372,2.1
Lahore,8,7,2,2,1,3,0,1,2,17,1631,7455,126.74,31.7,80,4755000,190102,247133,2.1
Karachi,3,12,1,1,1,4,0,1,0,14,815,5205,72.87,16.6,42,2490000,109305,142096,1.9
Swat,2,9,3,2,0,3,0,0,3,17,1622,4635,78.8,21.4,54,3210000,118192,153650,2.3
Quetta,3,18,2,0,1,3,2,0,2,14,1875,4495,62.93,12.1,31,1815000,94395,122713,1.6
Multan,6,4,1,0,2,3,2,1,1,14,1553,6910,96.74,20.2,51,3030000,145110,188643,1.7
Sialkot,2,15,2,1,1,3,2,1,0,11,1700,6225,68.47,17.5,44,2625000,102712,133526,2.1
Sukkur,8,6,3,0,0,2,0,1,1,17,1609,2290,38.93,7.8,20,1170000,58395,75913,1.7
Swat,1,14,1,3,2,3,1,0,0,17,1461,9735,165.5,45.0,113,6750000,248242,322715,2.3
Lahore,7,5,1,0,2,2,0,0,3,14,1801,5550,77.7,19.4,49,2910000,116550,151515,2.1
Islamabad,2,19,1,0,1,2,0,0,1,8,914,2985,23.88,6.2,16,930000,35820,46566,2.2
Rawalpindi,6,12,3,0,1,1,1,0,1,10,1330,3880,38.8,10.1,26,1515000,58200,75660,2.2
Rawalpindi,2,19,3,3,2,2,1,1,2,7,975,11235,78.64,20.5,52,3075000,117967,153357,2.2
Gujranwala,2,18,3,2,1,2,1,1,3,17,1742,7920,134.64,33.7,85,5055000,201960,262548,2.1
Multan,8,15,1,0,0,3,1,1,3,13,1795,3125,40.62,8.5,22,1275000,60937,79218,1.7
Quetta,2,4,3,1,1,2,0,1,0,16,719,5110,81.76,15.7,40,2355000,122640,159432,1.6
Quetta,7,16,2,3,1,4,2,0,2,9,575,9365,84.28,16.2,41,2430000,126427,164355,1.6
Peshawar,3,17,3,1,2,3,0,1,2,11,1884,7880,86.68,20.8,52,3120000,130019,169026,2.0
Bahawalpur,8,12,1,0,1,3,1,0,0,11,907,3730,41.03,8.4,21,1260000,61545,80008,1.7
Hyderabad,7,12,2,1,1,3,2,0,1,10,870,6005,60.05,13.9,35,2085000,90075,117097,1.9
Lahore,8,11,3,0,1,1,2,1,0,17,389,5065,86.1,21.5,54,3225000,129157,167904,2.1
Quetta,7,11,2,3,0,3,0,0,0,17,581,5790,98.43,18.9,48,2835000,147645,191938,1.6
Gujranwala,6,14,2,1,1,2,0,0,0,6,1871,4660,27.96,7.0,18,1050000,41940,54522,2.1
Islamabad,7,17,1,1,0,4,0,1,2,16,1494,3980,63.68,16.6,42,2490000,95520,124176,2.2
Multan,5,15,2,0,0,3,2,0,0,12,937,2200,26.4,5.5,14,825000,39600,51480,1.7
Sukkur,7,4,2,0,0,3,2,0,0,15,1110,2185,32.78,6.6,17,990000,49162,63911,1.7
Peshawar,1,14,1,2,0,4,2,1,0,13,1678,5585,72.6,17.5,44,2625000,108907,141579,2.0
Gujranwala,1,11,1,0,2,3,1,0,3,6,1527,5790,34.74,8.7,22,1305000,52110,67743,2.1
Faisalabad,9,13,1,0,0,1,1,0,1,15,1612,1820,27.3,6.7,17,1005000,40950,53235,2.0
Karachi,5,17,2,2,1,2,0,1,1,12,1167,7080,84.96,19.3,49,2895000,127440,165672,1.9
Sukkur,5,6,2,0,0,4,2,0,1,9,761,2365,21.29,4.3,11,645000,31927,41505,1.7
Bahawalpur,3,14,2,0,1,4,0,1,1,11,1932,4085,44.94,9.2,23,1380000,67402,87623,1.7
Faisalabad,5,10,1,2,0,1,2,0,2,14,1049,5175,72.45,17.8,45,2670000,108675,141277,2.0
Sialkot,3,14,3,3,2,2,0,0,2,10,1496,9985,99.85,25.5,64,3825000,149775,194707,2.1
Bahawalpur,9,18,2,3,0,1,1,1,0,13,600,7095,92.24,18.9,48,2835000,138352,179858,1.7
Rawalpindi,9,4,3,0,0,2,2,1,2,10,899,3535,35.35,9.2,23,1380000,53025,68932,2.2
Karachi,6,4,1,0,2,1,1,0,1,7,828,5460,38.22,8.7,22,1305000,57329,74529,1.9
Lahore,1,19,2,2,0,3,2,1,3,9,439,6310,56.79,14.2,36,2130000,85185,110740,2.1
Islamabad,7,13,3,2,1,1,0,0,0,7,577,6270,43.89,11.4,29,1710000,65835,85585,2.2
Karachi,7,16,2,3,0,4,2,1,0,12,962,7715,92.58,21.0,53,3150000,138870,180531,1.9
Bahawalpur,4,8,2,1,0,4,1,0,1,12,810,3320,39.84,8.2,21,1230000,59759,77688,1.7
Hyderabad,8,8,2,0,0,4,2,0,1,8,1669,2620,20.96,4.9,13,735000,31440,40872,1.9
Faisalabad,6,11,3,1,2,1,0,0,1,12,1463,6865,82.38,20.2,51,3030000,123569,160641,2.0
Lahore,4,10,1,1,0,4,2,0,2,6,413,3900,23.4,5.8,15,870000,35100,45630,2.1
Abbottabad,4,11,2,2,0,4,1,0,0,6,879,4665,27.99,7.8,20,1170000,41985,54580,2.3
Hyderabad,2,9,1,0,1,3,0,1,1,14,1830,3685,51.59,11.9,30,1785000,77385,100600,1.9
Rawalpindi,2,9,1,0,0,3,1,1,3,11,1689,2585,28.44,7.4,19,1110000,42652,55448,2.2
Hyderabad,4,5,3,2,0,2,2,0,0,17,990,5025,85.43,19.8,50,2970000,128137,166578,1.9
Peshawar,5,9,3,1,0,2,1,0,0,10,936,3160,31.6,7.6,19,1140000,47400,61620,2.0
Peshawar,8,8,1,2,0,2,2,1,2,11,1720,6220,68.42,16.4,41,2460000,102630,133419,2.0
Sialkot,6,16,2,3,1,1,0,1,0,11,1122,8340,91.74,23.4,59,3510000,137610,178893,2.1
Bahawalpur,4,19,3,0,1,2,1,1,1,6,1174,4685,28.11,5.8,15,870000,42165,54814,1.7
Multan,7,6,2,3,2,1,1,1,1,10,1239,10965,109.65,22.8,57,3420000,164475,213817,1.7
Sukkur,8,9,2,2,0,1,2,1,3,14,1982,6485,90.79,18.3,46,2745000,136185,177040,1.7
Sukkur,2,11,2,0,2,2,1,0,0,9,1241,5315,47.84,9.6,24,1440000,71752,93278,1.7
Abbottabad,7,12,1,3,2,2,1,0,0,8,1434,10055,80.44,22.3,56,3345000,120659,156858,2.3
Abbottabad,2,4,2,3,0,1,0,1,2,6,657,6260,37.56,10.4,26,1560000,56340,73242,2.3
Lahore,2,6,1,1,1,3,2,1,1,7,1561,6140,42.98,10.7,27,1605000,64469,83811,2.1
Rawalpindi,8,6,1,0,1,4,2,1,3,8,302,5590,44.72,11.6,29,1740000,67080,87204,2.2
Quetta,2,14,2,3,0,4,0,1,1,9,703,6510,58.59,11.3,29,1695000,87884,114250,1.6
Sialkot,9,11,2,3,0,4,0,1,0,12,324,6790,81.48,20.8,52,3120000,122220,158886,2.1
Peshawar,1,4,2,1,1,3,2,1,0,11,808,5985,65.84,15.8,40,2370000,98752,128378,2.0
Lahore,9,8,2,3,0,1,0,1,3,16,995,7045,112.72,28.2,71,4230000,169080,219804,2.1
Quetta,1,6,1,3,0,2,0,1,0,13,1788,5765,74.94,14.4,36,2160000,112417,146142,1.6
Sukkur,2,5,2,3,0,1,0,1,3,14,360,6475,90.65,18.3,46,2745000,135974,176767,1.7
Multan,6,18,2,1,1,1,2,0,3,11,1831,6220,68.42,14.3,36,2145000,102630,133419,1.7
Hyderabad,6,11,1,3,2,2,0,1,1,12,422,10415,124.98,28.9,73,4335000,187469,243710,1.9
Peshawar,1,6,3,3,2,3,1,1,3,9,1820,11265,101.38,24.4,61,3660000,152077,197700,2.0
Lahore,7,10,3,0,0,4,1,0,0,7,354,2025,14.18,3.5,9,525000,21262,27641,2.1
Karachi,8,15,1,0,1,4,2,0,2,14,1486,4775,66.85,15.2,38,2280000,100275,130357,1.9
Quetta,2,14,3,1,0,1,0,0,2,14,1273,2810,39.34,7.6,19,1140000,59010,76713,1.6
Hyderabad,8,4,1,2,1,3,1,1,0,9,1362,7360,66.24,15.3,39,2295000,99360,129168,1.9
Peshawar,9,9,2,0,0,4,2,1,2,17,1406,3660,62.22,15.0,38,2250000,93330,121329,2.0
Sukkur,6,6,2,1,1,3,1,1,2,8,845,6290,50.32,10.1,26,1515000,75480,98124,1.7
Gujranwala,5,11,3,3,1,2,0,1,3,15,412,9040,135.6,33.9,85,5085000,203400,264420,2.1
Rawalpindi,9,9,2,3,2,1,2,0,2,16,724,11110,177.76,46.3,116,6945000,266639,346631,2.2
Quetta,9,15,3,1,0,1,1,1,2,11,1217,4600,50.6,9.7,25,1455000,75899,98669,1.6
Sukkur,1,5,3,3,2,3,2,1,2,8,529,11550,92.4,18.6,47,2790000,138600,180180,1.7
Peshawar,3,9,2,3,2,4,1,0,1,6,1606,10260,61.56,14.8,37,2220000,92340,120042,2.0
Quetta,9,10,2,2,1,3,1,1,0,9,1216,7675,69.08,13.3,34,1995000,103612,134696,1.6
Sialkot,2,8,3,3,0,2,0,1,3,6,1610,6770,40.62,10.4,26,1560000,60929,79209,2.1
Hyderabad,4,6,2,0,1,4,0,1,2,7,454,4240,29.68,6.9,18,1035000,44520,57876,1.9
Swat,4,7,1,3,1,4,1,1,0,8,464,8705,69.64,18.9,48,2835000,104459,135798,2.3
Peshawar,2,7,2,1,1,3,2,0,2,13,1261,5755,74.82,18.0,45,2700000,112222,145889,2.0
Sialkot,3,9,2,2,0,2,2,0,1,15,1505,5060,75.9,19.4,49,2910000,113849,148004,2.1
Faisalabad,3,13,1,3,0,4,0,0,1,9,1562,5670,51.03,12.5,32,1875000,76545,99508,2.0
Lahore,1,4,2,1,1,1,1,0,2,9,948,4935,44.42,11.1,28,1665000,66622,86609,2.1
Gujranwala,6,14,2,0,0,2,0,1,2,15,1662,2310,34.65,8.7,22,1305000,51975,67567,2.1
Abbottabad,8,7,3,3,1,4,1,1,2,14,1237,9705,135.87,37.7,95,5655000,203805,264946,2.3
Hyderabad,3,13,2,2,0,3,1,1,1,12,811,5470,65.64,15.2,38,2280000,98460,127998,1.9
Quetta,5,16,2,3,0,4,0,0,1,7,1231,6015,42.1,8.1,21,1215000,63157,82104,1.6
Rawalpindi,1,7,1,1,2,1,2,0,0,8,565,6930,55.44,14.4,36,2160000,83159,108107,2.2
Sukkur,7,13,3,2,1,2,0,0,3,9,486,6970,62.73,12.6,32,1890000,94095,122323,1.7
Abbottabad,1,19,3,3,2,4,1,1,3,9,1363,11560,104.04,28.9,73,4335000,156060,202878,2.3
Karachi,9,4,3,0,2,1,0,1,1,15,1816,6235,93.52,21.3,54,3195000,140287,182373,1.9
Sukkur,8,12,2,2,1,4,2,0,3,13,690,8080,105.04,21.2,53,3180000,157560,204828,1.7
Quetta,7,7,3,0,1,4,2,0,2,15,1583,4880,73.2,14.1,36,2115000,109800,142740,1.6
Gujranwala,7,10,1,1,0,2,1,1,0,15,954,3775,56.62,14.2,36,2130000,84937,110418,2.1
Bahawalpur,5,15,3,3,1,3,0,1,1,11,475,8800,96.8,19.8,50,2970000,145200,188760,1.7
Sukkur,5,17,1,0,2,3,2,1,1,8,1073,7030,56.24,11.3,29,1695000,84360,109668,1.7
Bahawalpur,5,6,3,1,2,1,0,0,3,16,1063,7115,113.84,23.3,59,3495000,170760,221988,1.7
Lahore,1,13,3,3,1,1,2,0,2,14,1652,8720,122.08,30.5,77,4575000,183120,238056,2.1
Gujranwala,8,15,1,1,2,1,1,0,0,15,1230,7075,106.12,26.5,67,3975000,159187,206943,2.1
Peshawar,1,6,3,0,0,2,1,0,3,13,1523,1915,24.9,6.0,15,900000,37342,48545,2.0
Sialkot,4,17,3,1,2,3,0,1,1,14,1010,7755,108.57,27.7,70,4155000,162855,211711,2.1
Karachi,9,11,3,2,0,1,1,1,1,10,1519,5840,58.4,13.3,34,1995000,87600,113880,1.9
Islamabad,9,11,2,3,2,1,2,1,3,8,1125,12090,96.72,25.2,63,3780000,145080,188604,2.2
Quetta,5,14,1,1,0,4,1,0,2,9,888,3535,31.82,6.1,16,915000,47722,62039,1.6
Multan,4,15,3,0,0,4,2,1,0,17,830,3125,53.12,11.1,28,1665000,79687,103593,1.7
Islamabad,3,4,1,3,1,1,2,1,0,10,1385,8785,87.85,22.9,58,3435000,131775,171307,2.2
Sukkur,3,13,1,2,0,4,1,1,0,14,1650,5220,73.08,14.7,37,2205000,109620,142506,1.7
Abbottabad,5,5,1,3,1,4,2,1,0,14,580,9250,129.5,36.0,90,5400000,194250,252525,2.3
Quetta,1,19,3,2,2,4,2,1,2,8,526,10360,82.88,15.9,40,2385000,124319,161616,1.6
Sialkot,5,11,3,3,2,2,0,0,1,12,938,9890,118.68,30.3,76,4545000,178020,231426,2.1
Faisalabad,6,4,1,1,2,1,0,1,1,11,1381,7210,79.31,19.4,49,2910000,118965,154654,2.0
Sialkot,7,18,2,1,0,1,0,1,0,9,1220,3445,31.0,7.9,20,1185000,46507,60459,2.1
Multan,9,15,1,0,2,4,1,0,0,10,776,5950,59.5,12.4,31,1860000,89250,116025,1.7
Karachi,3,11,2,2,2,2,0,0,0,15,1699,7890,118.35,26.9,68,4035000,177525,230782,1.9
Sialkot,2,11,1,0,1,4,2,1,3,7,1015,5215,36.5,9.3,24,1395000,54757,71184,2.1
Rawalpindi,3,19,1,1,1,2,1,1,3,16,542,6210,99.36,25.9,65,3885000,149040,193752,2.2
Faisalabad,9,5,1,2,2,1,1,1,1,12,666,9450,113.4,27.8,70,4170000,170099,221129,2.0
Islamabad,7,7,3,0,2,4,1,1,1,9,1235,6930,62.37,16.2,41,2430000,93555,121621,2.2
Peshawar,9,9,2,0,0,1,1,0,0,7,1823,1710,11.97,2.9,8,435000,17955,23341,2.0
Lahore,2,15,2,0,0,2,2,1,3,16,1137,3225,51.6,12.9,33,1935000,77400,100620,2.1
Rawalpindi,5,14,1,0,2,3,2,0,2,11,1575,6435,70.78,18.4,46,2760000,106177,138030,2.2
Swat,4,12,3,0,1,2,0,1,3,16,1205,4480,71.68,19.5,49,2925000,107520,139776,2.3
Faisalabad,2,18,3,2,2,3,1,1,1,17,1645,9620,163.54,40.1,101,6015000,245310,318903,2.0
Peshawar,9,19,2,0,0,1,0,1,3,7,675,2710,18.97,4.6,12,690000,28454,36991,2.0
Peshawar,9,11,3,2,1,1,2,0,1,15,1732,7590,113.85,27.4,69,4110000,170775,222007,2.0
Quetta,6,15,2,0,1,4,1,1,0,7,1010,4625,32.38,6.2,16,930000,48562,63131,1.6
Faisalabad,6,18,2,1,0,3,2,1,2,12,1811,4970,59.64,14.6,37,2190000,89460,116298,2.0
Karachi,8,11,2,1,2,2,0,0,0,6,642,6765,40.59,9.2,23,1380000,60884,79150,1.9
Sukkur,6,10,3,0,2,1,2,1,0,12,539,6900,82.8,16.7,42,2505000,124200,161460,1.7
Multan,1,17,2,3,2,3,1,0,2,15,438,10330,154.95,32.3,81,4845000,232425,302152,1.7
Swat,4,16,2,1,0,2,1,1,2,10,1445,4190,41.9,11.4,29,1710000,62850,81705,2.3
Multan,7,12,1,2,1,3,0,0,2,6,719,6555,39.33,8.2,21,1230000,58994,76693,1.7
Islamabad,2,18,2,0,0,2,1,0,1,11,1884,1620,17.82,4.6,12,690000,26730,34749,2.2
Islamabad,9,5,2,2,2,2,2,0,0,12,603,9250,111.0,28.9,73,4335000,166500,216450,2.2
Multan,8,6,1,3,0,2,2,1,1,6,414,7490,44.94,9.4,24,1410000,67409,87632,1.7
Sialkot,8,13,1,0,1,2,2,0,2,14,642,4545,63.63,16.2,41,2430000,95445,124078,2.1
Karachi,7,11,3,1,0,3,2,0,1,12,1574,4140,49.68,11.3,29,1695000,74520,96876,1.9
Bahawalpur,4,17,2,2,2,3,0,1,2,6,306,9305,55.83,11.4,29,1710000,83745,108868,1.7
Sialkot,2,9,3,1,1,4,2,0,3,8,1030,6235,49.88,12.7,32,1905000,74820,97266,2.1
Abbottabad,3,13,3,1,0,3,0,1,2,10,1912,3820,38.2,10.6,27,1590000,57299,74489,2.3
Sialkot,6,12,1,0,0,3,2,1,0,9,478,2830,25.47,6.5,17,975000,38204,49666,2.1
Lahore,5,13,3,2,1,4,0,0,0,7,1468,6420,44.94,11.2,28,1680000,67409,87632,2.1
Hyderabad,8,7,2,3,1,3,2,0,0,6,715,8805,52.83,12.2,31,1830000,79245,103018,1.9
Sukkur,6,19,1,1,2,2,2,1,1,9,965,8535,76.82,15.5,39,2325000,115222,149789,1.7
Lahore,6,11,2,0,1,1,0,0,0,12,1444,3015,36.18,9.0,23,1350000,54270,70551,2.1
Quetta,1,13,2,0,2,1,1,0,2,16,1447,5570,89.12,17.1,43,2565000,133680,173784,1.6
Hyderabad,4,6,1,3,0,4,1,0,3,9,449,6540,58.86,13.6,34,2040000,88290,114777,1.9
Hyderabad,5,6,2,0,2,3,1,0,0,14,696,5565,77.91,18.0,45,2700000,116865,151924,1.9
Faisalabad,3,11,1,1,0,3,0,1,1,13,680,3290,42.77,10.5,27,1575000,64155,83401,2.0
Karachi,9,8,2,0,1,4,1,1,3,13,1138,5345,69.48,15.8,40,2370000,104227,135495,1.9
Karachi,1,6,1,2,0,1,1,0,0,10,300,3915,39.15,8.9,23,1335000,58725,76342,1.9
Hyderabad,6,13,3,2,1,2,0,1,0,17,1996,7045,119.76,27.7,70,4155000,179647,233541,1.9
Abbottabad,6,14,2,1,0,3,1,0,3,6,543,3860,23.16,6.4,16,960000,34740,45162,2.3
Sialkot,5,19,1,2,0,4,1,0,0,14,1721,4710,65.94,16.8,42,2520000,98909,128582,2.1
Faisalabad,5,4,2,3,0,2,1,0,1,7,1574,6135,42.94,10.5,27,1575000,64417,83742,2.0
Sukkur,5,18,2,0,0,4,0,0,2,11,1178,1745,19.2,3.9,10,585000,28792,37430,1.7
Hyderabad,6,6,2,1,2,4,0,1,2,15,1899,7890,118.35,27.4,69,4110000,177525,230782,1.9
Rawalpindi,8,15,1,3,0,4,1,0,3,10,1622,6975,69.75,18.2,46,2730000,104625,136012,2.2
Islamabad,2,12,3,0,2,1,1,1,2,15,1059,6530,97.95,25.5,64,3825000,146925,191002,2.2
Islamabad,6,8,3,3,1,1,0,0,0,13,1253,7620,99.06,25.8,65,3870000,148590,193167,2.2
Lahore,1,15,3,1,1,4,1,1,0,16,1620,5900,94.4,23.6,59,3540000,141600,184080,2.1
Quetta,4,13,1,1,2,3,0,1,1,8,1276,7395,59.16,11.4,29,1710000,88740,115362,1.6
Gujranwala,3,18,3,3,1,2,1,1,2,11,1823,9295,102.24,25.6,64,3840000,153367,199377,2.1
Gujranwala,9,5,1,0,1,3,0,1,3,11,1438,4550,50.05,12.5,32,1875000,75075,97597,2.1
Islamabad,3,10,2,2,0,1,2,0,0,15,300,4775,71.62,18.7,47,2805000,107437,139668,2.2
Bahawalpur,6,18,2,2,0,2,2,1,3,8,852,6570,52.56,10.8,27,1620000,78840,102492,1.7
Peshawar,1,5,3,3,0,4,0,0,0,17,1923,5500,93.5,22.5,57,3375000,140250,182325,2.0
Lahore,6,7,1,1,2,3,2,1,0,17,781,8255,140.34,35.1,88,5265000,210502,273653,2.1
Gujranwala,4,15,2,0,2,3,1,1,1,17,1933,6575,111.78,27.9,70,4185000,167662,217961,2.1
Islamabad,8,10,1,0,1,4,0,1,2,12,899,4450,53.4,13.9,35,2085000,80100,104130,2.2
Quetta,9,7,1,1,0,3,0,0,1,16,1062,2930,46.88,9.0,23,1350000,70320,91416,1.6
Gujranwala,4,10,2,2,2,1,1,1,2,9,1833,9500,85.5,21.4,54,3210000,128250,166725,2.1
Sialkot,6,19,1,0,2,4,1,0,3,10,634,6385,63.85,16.3,41,2445000,95774,124507,2.1
Sialkot,1,10,2,3,0,3,0,0,2,14,764,5725,80.15,20.4,51,3060000,120224,156292,2.1
Karachi,4,19,2,2,2,4,1,0,3,11,1464,9385,103.24,23.5,59,3525000,154852,201308,1.9
Abbottabad,7,4,2,3,0,2,0,1,0,15,882,6335,95.02,26.4,66,3960000,142537,185298,2.3
Karachi,1,9,1,2,1,4,1,1,3,9,436,7610,68.49,15.6,39,2340000,102735,133555,1.9
Sukkur,8,12,2,1,1,3,0,1,3,13,1303,6230,80.99,16.3,41,2445000,121485,157930,1.7
Hyderabad,6,5,1,3,1,1,1,1,0,14,1934,8525,119.35,27.6,69,4140000,179025,232732,1.9
Rawalpindi,5,17,2,3,0,4,1,1,3,15,1986,7680,115.2,30.0,75,4500000,172799,224639,2.2
Karachi,9,6,2,1,2,4,2,1,3,10,1249,9315,93.15,21.2,53,3180000,139724,181642,1.9
Swat,2,13,3,3,1,3,2,1,0,7,986,9345,65.42,17.8,45,2670000,98122,127559,2.3
Gujranwala,5,8,3,2,1,1,2,0,0,11,466,7045,77.5,19.4,49,2910000,116242,151115,2.1
Bahawalpur,6,12,3,0,1,1,1,1,0,16,1666,4430,70.88,14.5,37,2175000,106319,138216,1.7
Faisalabad,7,7,1,0,2,2,0,0,2,17,1733,5380,91.46,22.4,56,3360000,137190,178347,2.0
Islamabad,5,4,1,1,2,2,1,0,0,13,1209,6785,88.2,23.0,58,3450000,132307,171999,2.2
Faisalabad,9,7,2,2,0,3,2,1,0,10,1179,6130,61.3,15.0,38,2250000,91950,119535,2.0
Swat,1,9,2,3,1,1,1,1,3,6,1141,8960,53.76,14.6,37,2190000,80640,104832,2.3
Quetta,7,8,2,3,2,1,2,0,1,13,364,10745,139.68,26.9,68,4035000,209527,272385,1.6
Karachi,7,17,2,0,0,2,2,0,1,14,1904,2480,34.72,7.9,20,1185000,52079,67704,1.9
Rawalpindi,4,16,1,3,1,2,0,1,2,6,1390,8540,51.24,13.3,34,1995000,76859,99917,2.2
Quetta,9,4,2,0,2,3,0,0,2,13,732,5735,74.56,14.3,36,2145000,111832,145382,1.6
Peshawar,5,7,2,1,2,1,2,0,1,15,1373,7580,113.7,27.3,69,4095000,170550,221715,2.0
Peshawar,4,9,3,3,0,4,2,0,1,17,1637,6985,118.74,28.5,72,4275000,178117,231552,2.0
Faisalabad,7,16,2,2,1,2,1,0,0,7,1632,6765,47.36,11.6,29,1740000,71032,92342,2.0
Hyderabad,4,18,2,3,1,3,2,1,3,9,1926,10020,90.18,20.9,53,3135000,135269,175850,1.9
Lahore,3,13,2,0,2,1,1,1,0,7,414,6070,42.49,10.6,27,1590000,63735,82855,2.1
Hyderabad,9,13,1,1,1,1,2,0,2,7,868,6020,42.14,9.8,25,1470000,63210,82173,1.9
Gujranwala,8,17,3,0,0,2,0,0,1,15,1665,1705,25.58,6.4,16,960000,38362,49871,2.1
Swat,1,7,2,3,2,3,0,0,2,8,1853,9680,77.44,21.0,53,3150000,116159,151008,2.3
Sialkot,7,18,2,0,2,4,2,1,0,13,941,7245,94.18,24.0,60,3600000,141277,183660,2.1
Sukkur,9,17,3,0,0,2,1,1,2,9,794,3230,29.07,5.9,15,885000,43605,56686,1.7
Hyderabad,8,12,2,1,2,3,1,0,2,12,1592,7780,93.36,21.6,54,3240000,140040,182052,1.9
Abbottabad,8,8,1,2,1,1,1,0,3,17,1240,7070,120.19,33.4,84,5010000,180285,234370,2.3
Sukkur,6,11,2,3,1,4,2,0,2,15,1403,9215,138.22,27.9,70,4185000,207337,269538,1.7
Swat,4,12,1,1,2,3,2,1,0,8,1779,8180,65.44,17.8,45,2670000,98159,127607,2.3
Sukkur,8,13,1,2,0,4,0,0,3,15,1622,4945,74.18,15.0,38,2250000,111262,144641,1.7
Rawalpindi,3,8,2,0,0,3,0,0,2,17,1267,1345,22.86,6.0,15,900000,34297,44586,2.2
Karachi,9,9,3,2,1,3,2,0,0,16,1121,7560,120.96,27.5,69,4125000,181440,235872,1.9
Rawalpindi,2,4,1,0,0,3,0,0,1,8,501,860,6.88,1.8,5,270000,10320,13416,2.2
Sukkur,2,14,3,0,2,3,1,0,3,7,1826,6210,43.47,8.8,22,1320000,65204,84766,1.7
Quetta,7,19,2,1,2,4,1,1,2,17,1994,8660,147.22,28.3,71,4245000,220830,287079,1.6
Peshawar,4,15,1,0,1,2,2,1,2,11,948,5025,55.28,13.3,34,1995000,82912,107786,2.0
Sukkur,8,18,2,1,1,4,1,1,3,11,1808,6920,76.12,15.3,39,2295000,114180,148434,1.7
Rawalpindi,9,10,3,2,1,3,2,0,0,6,1908,7575,45.45,11.8,30,1770000,68175,88627,2.2
Bahawalpur,7,7,2,2,0,4,1,1,2,12,859,5980,71.76,14.7,37,2205000,107640,139932,1.7
Swat,5,14,2,0,2,4,2,0,0,17,1341,6285,106.84,29.0,73,4350000,160267,208347,2.3
Quetta,8,5,1,1,2,4,1,1,3,9,777,8575,77.18,14.8,37,2220000,115762,150491,1.6
Rawalpindi,4,8,2,0,2,3,1,1,2,16,787,6670,106.72,27.8,70,4170000,160080,208104,2.2
Hyderabad,2,15,2,1,1,4,0,0,1,17,1282,4775,81.18,18.8,47,2820000,121762,158291,1.9
Islamabad,6,6,2,1,2,1,0,0,1,8,1078,6640,53.12,13.8,35,2070000,79680,103584,2.2
Faisalabad,9,9,1,1,0,3,0,0,1,13,1769,2960,38.48,9.4,24,1410000,57719,75036,2.0
Lahore,1,11,3,2,0,4,0,1,3,7,639,5440,38.08,9.5,24,1425000,57120,74256,2.1
Sialkot,7,10,3,1,2,1,0,0,2,14,1854,7125,99.75,25.4,64,3810000,149625,194512,2.1
Rawalpindi,9,19,2,2,1,4,0,1,3,13,911,8010,104.13,27.1,68,4065000,156194,203053,2.2
Abbottabad,9,6,1,1,2,2,2,1,2,13,415,8765,113.94,31.7,80,4755000,170917,222192,2.3
Lahore,3,11,2,2,0,4,2,1,1,8,373,6040,48.32,12.1,31,1815000,72480,94224,2.1
Swat,5,5,3,3,0,4,0,0,1,9,1592,6000,54.0,14.7,37,2205000,81000,105300,2.3
Bahawalpur,8,13,1,2,0,2,2,0,0,7,1960,5145,36.02,7.4,19,1110000,54022,70229,1.7
Multan,8,12,3,2,2,3,0,0,3,7,415,9130,63.91,13.3,34,1995000,95865,124624,1.7
Rawalpindi,4,7,3,0,0,2,2,1,3,9,1992,3405,30.64,8.0,20,1200000,45967,59757,2.2
Islamabad,1,4,1,1,1,3,1,1,0,11,1487,5335,58.68,15.3,39,2295000,88027,114435,2.2
Lahore,1,11,1,3,2,2,2,0,1,10,1906,10290,102.9,25.7,65,3855000,154349,200654,2.1
Sialkot,4,10,2,0,2,4,2,1,1,6,1545,7100,42.6,10.9,28,1635000,63899,83069,2.1
Sukkur,6,14,2,1,0,4,2,1,3,15,425,5210,78.15,15.8,40,2370000,117225,152392,1.7
Rawalpindi,8,16,3,3,0,3,1,1,2,6,956,7740,46.44,12.1,31,1815000,69659,90557,2.2
Karachi,6,19,1,3,1,3,0,0,1,11,1499,7885,86.74,19.7,50,2955000,130102,169133,1.9
Bahawalpur,9,8,1,3,2,1,2,1,0,8,963,11295,90.36,18.5,47,2775000,135540,176202,1.7
Swat,9,13,2,1,0,1,2,1,0,8,1698,4520,36.16,9.8,25,1470000,54240,70512,2.3
Faisalabad,2,16,3,3,1,4,1,0,0,12,1290,8240,98.88,24.2,61,3630000,148319,192815,2.0
Islamabad,1,8,3,3,0,4,0,0,3,6,1317,6145,36.87,9.6,24,1440000,55304,71896,2.2
Gujranwala,2,10,2,0,2,1,2,0,3,6,1158,6300,37.8,9.4,24,1410000,56700,73710,2.1
Gujranwala,5,8,1,2,0,1,1,0,3,15,1821,4845,72.68,18.2,46,2730000,109012,141716,2.1
Abbottabad,4,11,2,1,2,3,0,0,3,8,384,7165,57.32,15.9,40,2385000,85980,111774,2.3
Lahore,4,14,2,2,0,2,0,0,0,13,1706,4010,52.13,13.0,33,1950000,78195,101653,2.1
Islamabad,9,16,2,0,2,3,2,1,0,6,932,7265,43.59,11.4,29,1710000,65384,85000,2.2
Quetta,8,9,2,2,1,1,2,1,3,15,1964,8485,127.28,24.5,62,3675000,190912,248186,1.6
Sialkot,6,16,1,3,2,4,2,1,3,9,1786,12090,108.81,27.8,70,4170000,163215,212179,2.1
Faisalabad,1,8,2,3,1,1,2,1,0,14,750,8845,123.83,30.4,76,4560000,185745,241468,2.0
Sukkur,2,12,1,1,2,4,1,0,3,9,817,7480,67.32,13.6,34,2040000,100980,131274,1.7
Rawalpindi,6,14,2,1,1,4,1,1,3,15,1145,6710,100.65,26.2,66,3930000,150975,196267,2.2
Rawalpindi,2,19,3,1,0,4,2,0,3,13,994,4385,57.0,14.8,37,2220000,85507,111159,2.2
Gujranwala,5,5,1,0,2,4,0,0,3,12,849,5600,67.2,16.8,42,2520000,100799,131039,2.1
Rawalpindi,5,4,3,1,0,2,2,1,1,8,1228,4535,36.28,9.4,24,1410000,54420,70746,2.2
Swat,6,11,2,0,1,1,0,1,3,12,415,4365,52.38,14.2,36,2130000,78570,102141,2.3
Faisalabad,6,15,2,3,2,3,0,0,0,12,1937,9775,117.3,28.8,72,4320000,175950,228735,2.0
Karachi,6,6,2,2,2,4,0,0,0,15,1331,8240,123.6,28.1,71,4215000,185400,241020,1.9
Multan,2,17,1,3,0,4,1,0,0,8,1541,5955,47.64,9.9,25,1485000,71460,92898,1.7
Abbottabad,3,14,3,3,2,3,0,0,0,7,1913,9685,67.8,18.8,47,2820000,101692,132200,2.3
Peshawar,6,15,1,3,2,3,0,1,3,14,703,10975,153.65,36.9,93,5535000,230475,299617,2.0
Hyderabad,8,15,1,1,0,4,1,0,1,6,1890,3575,21.45,5.0,13,750000,32175,41827,1.9
Abbottabad,1,15,2,1,2,3,0,1,2,12,603,7550,90.6,25.2,63,3780000,135900,176670,2.3
Lahore,1,10,3,1,0,3,0,0,2,9,1790,2875,25.88,6.5,17,975000,38812,50456,2.1
Karachi,2,13,2,2,0,2,2,0,2,7,1039,5245,36.72,8.3,21,1245000,55072,71594,1.9
Abbottabad,6,16,1,1,0,3,0,0,2,7,387,3040,21.28,5.9,15,885000,31920,41496,2.3
Sukkur,9,14,2,0,0,1,0,1,0,13,1333,2035,26.46,5.3,14,795000,39682,51587,1.7
Gujranwala,4,11,3,3,0,1,0,0,3,12,607,6115,73.38,18.3,46,2745000,110069,143091,2.1
Bahawalpur,3,18,2,2,1,1,0,1,3,17,733,7245,123.16,25.2,63,3780000,184747,240171,1.7
Lahore,8,19,3,2,1,4,0,1,2,12,1101,7885,94.62,23.7,60,3555000,141930,184509,2.1
Rawalpindi,9,16,3,2,0,1,1,1,2,10,463,6115,61.15,15.9,40,2385000,91725,119242,2.2
Islamabad,5,16,2,2,1,2,0,0,1,15,1562,6315,94.72,24.7,62,3705000,142087,184713,2.2
Sukkur,9,9,1,2,1,1,0,1,1,13,1640,7010,91.13,18.4,46,2760000,136694,177703,1.7
Lahore,2,15,2,0,2,4,1,1,1,7,1295,6525,45.68,11.4,29,1710000,68512,89066,2.1
Bahawalpur,3,13,1,3,0,2,1,0,0,7,955,5770,40.39,8.3,21,1245000,60585,78760,1.7
Sialkot,7,17,1,2,1,1,0,0,3,10,1658,6630,66.3,16.9,43,2535000,99450,129285,2.1
Rawalpindi,7,12,2,3,2,2,0,1,0,6,317,10455,62.73,16.3,41,2445000,94095,122323,2.2
Abbottabad,6,10,1,1,2,2,0,1,0,11,1394,7200,79.2,22.0,55,3300000,118800,154440,2.3
Abbottabad,6,18,1,2,0,4,2,0,3,9,1498,5870,52.83,14.7,37,2205000,79245,103018,2.3
Lahore,2,13,2,2,0,4,2,1,1,11,1110,5995,65.95,16.5,42,2475000,98917,128592,2.1
Islamabad,6,8,2,3,2,2,0,1,3,12,638,10920,131.04,34.1,86,5115000,196560,255528,2.2
Sialkot,4,11,2,2,0,1,1,1,2,8,547,5515,44.12,11.3,29,1695000,66180,86034,2.1
Rawalpindi,3,18,1,2,0,4,0,0,1,16,1516,4245,67.92,17.7,45,2655000,101880,132444,2.2
Bahawalpur,2,5,3,2,2,2,1,1,3,13,1742,9725,126.42,25.9,65,3885000,189637,246528,1.7
Multan,1,10,1,0,2,3,1,0,0,12,1648,5175,62.1,12.9,33,1935000,93149,121094,1.7
Abbottabad,5,18,3,0,0,3,1,0,3,6,605,2495,14.97,4.2,11,630000,22455,29191,2.3
Bahawalpur,2,7,2,2,1,4,0,0,1,11,503,6155,67.7,13.9,35,2085000,101557,132024,1.7
Karachi,2,12,3,0,0,1,0,1,2,12,1152,2030,24.36,5.5,14,825000,36540,47502,1.9
Abbottabad,7,15,2,1,1,3,1,0,0,16,1446,5350,85.6,23.8,60,3570000,128400,166920,2.3
Bahawalpur,8,4,2,2,2,3,2,1,2,9,1893,10410,93.69,19.2,48,2880000,140535,182695,1.7
Quetta,8,10,3,1,1,3,2,0,2,7,746,6400,44.8,8.6,22,1290000,67200,87360,1.6
Gujranwala,4,9,2,3,2,1,2,1,0,15,1012,11085,166.28,41.6,104,6240000,249412,324236,2.1
Hyderabad,1,11,3,1,0,1,1,1,3,14,1814,4140,57.96,13.4,34,2010000,86939,113021,1.9
Faisalabad,7,8,2,3,0,4,0,1,3,12,732,7195,86.34,21.2,53,3180000,129510,168363,2.0
Gujranwala,1,18,1,2,2,4,1,0,2,6,1947,8795,52.77,13.2,33,1980000,79155,102901,2.1
Swat,4,4,1,3,2,3,2,1,3,13,1451,11660,151.58,41.2,103,6180000,227370,295581,2.3
